"data_type","synthetic_source","transaction_id","user_id","transaction_date","transaction_type","transaction_role","amount","currency","income_record_id","investment_id","capital_gain_id","reconciliation_status"
"synthetic","generated_for_testing","TXN00001","USR0001","2025-04-02","bank_interest_credit","income_receipt","3137","INR","INC000102",,,"matched"
"synthetic","generated_for_testing","TXN00002","USR0002","2025-04-03","freelance_receipt","income_receipt","3274","INR",,,,"matched"
"synthetic","generated_for_testing","TXN00003","USR0003","2025-04-04","investment_purchase","investment_acquisition","3411","INR","INCX0003purchase",,,"matched"
"synthetic","generated_for_testing","TXN00004","USR0004","2025-04-05","investment_sale","investment_disposal","3548","INR","INCX0004sale","INV0004","CG0004","matched"
"synthetic","generated_for_testing","TXN00005","USR0005","2025-04-06","rent_receipt","income_receipt","3685","INR","INC000503",,,"review"
"synthetic","generated_for_testing","TXN00006","USR0006","2025-04-07","salary_credit","income_receipt","3822","INR","INC000601",,,"matched"
"synthetic","generated_for_testing","TXN00007","USR0007","2025-04-08","bank_interest_credit","income_receipt","3959","INR","INC000702",,,"matched"
"synthetic","generated_for_testing","TXN00008","USR0008","2025-04-09","freelance_receipt","income_receipt","4096","INR",,,,"matched"
"synthetic","generated_for_testing","TXN00009","USR0009","2025-04-10","investment_purchase","investment_acquisition","4233","INR","INCX0009purchase",,,"matched"
"synthetic","generated_for_testing","TXN00010","USR0010","2025-04-11","investment_sale","investment_disposal","4370","INR","INCX0010sale","INV0010",,"review"
"synthetic","generated_for_testing","TXN00011","USR0011","2025-04-12","rent_receipt","income_receipt","4507","INR",,,,"matched"
"synthetic","generated_for_testing","TXN00012","USR0012","2025-04-13","salary_credit","income_receipt","4644","INR","INC001201",,,"matched"
"synthetic","generated_for_testing","TXN00013","USR0013","2025-04-14","bank_interest_credit","income_receipt","4781","INR","INC001302",,,"matched"
"synthetic","generated_for_testing","TXN00014","USR0014","2025-04-15","freelance_receipt","income_receipt","4918","INR",,,,"matched"
"synthetic","generated_for_testing","TXN00015","USR0015","2025-04-16","investment_purchase","investment_acquisition","5055","INR","INCX0015purchase",,,"review"
"synthetic","generated_for_testing","TXN00016","USR0016","2025-04-17","investment_sale","investment_disposal","5192","INR","INCX0016sale","INV0016","CG0016","matched"
"synthetic","generated_for_testing","TXN00017","USR0017","2025-04-18","rent_receipt","income_receipt","5329","INR",,,,"matched"
"synthetic","generated_for_testing","TXN00018","USR0018","2025-04-19","salary_credit","income_receipt","5466","INR","INC001801",,,"matched"
"synthetic","generated_for_testing","TXN00019","USR0019","2025-04-20","bank_interest_credit","income_receipt","5603","INR","INC001902",,,"matched"
"synthetic","generated_for_testing","TXN00020","USR0020","2025-04-21","freelance_receipt","income_receipt","5740","INR",,,,"review"
"synthetic","generated_for_testing","TXN00021","USR0021","2025-04-22","investment_purchase","investment_acquisition","5877","INR","INCX0021purchase",,,"matched"
"synthetic","generated_for_testing","TXN00022","USR0022","2025-04-23","investment_sale","investment_disposal","6014","INR","INCX0022sale","INV0022",,"matched"
"synthetic","generated_for_testing","TXN00023","USR0023","2025-04-24","rent_receipt","income_receipt","6151","INR",,,,"matched"
"synthetic","generated_for_testing","TXN00024","USR0024","2025-04-25","salary_credit","income_receipt","6288","INR","INC002401",,,"matched"
"synthetic","generated_for_testing","TXN00025","USR0025","2025-04-26","bank_interest_credit","income_receipt","6425","INR","INC002502",,,"review"
"synthetic","generated_for_testing","TXN00026","USR0026","2025-04-27","freelance_receipt","income_receipt","6562","INR",,,,"matched"
"synthetic","generated_for_testing","TXN00027","USR0027","2025-04-28","investment_purchase","investment_acquisition","6699","INR","INCX0027purchase",,,"matched"
"synthetic","generated_for_testing","TXN00028","USR0028","2025-04-29","investment_sale","investment_disposal","6836","INR","INCX0028sale","INV0028","CG0028","matched"
"synthetic","generated_for_testing","TXN00029","USR0029","2025-04-30","rent_receipt","income_receipt","6973","INR",,,,"matched"
"synthetic","generated_for_testing","TXN00030","USR0030","2025-05-01","salary_credit","income_receipt","7110","INR","INC003001",,,"review"
"synthetic","generated_for_testing","TXN00031","USR0031","2025-05-02","bank_interest_credit","income_receipt","7247","INR","INC003102",,,"matched"
"synthetic","generated_for_testing","TXN00032","USR0032","2025-05-03","freelance_receipt","income_receipt","7384","INR",,,,"matched"
"synthetic","generated_for_testing","TXN00033","USR0033","2025-05-04","investment_purchase","investment_acquisition","7521","INR","INCX0033purchase",,,"matched"
"synthetic","generated_for_testing","TXN00034","USR0034","2025-05-05","investment_sale","investment_disposal","7658","INR","INCX0034sale","INV0034",,"matched"
"synthetic","generated_for_testing","TXN00035","USR0035","2025-05-06","rent_receipt","income_receipt","7795","INR","INC003503",,,"review"
"synthetic","generated_for_testing","TXN00036","USR0036","2025-05-07","salary_credit","income_receipt","7932","INR","INC003601",,,"matched"
"synthetic","generated_for_testing","TXN00037","USR0037","2025-05-08","bank_interest_credit","income_receipt","8069","INR","INC003702",,,"matched"
"synthetic","generated_for_testing","TXN00038","USR0038","2025-05-09","freelance_receipt","income_receipt","8206","INR",,,,"matched"
"synthetic","generated_for_testing","TXN00039","USR0039","2025-05-10","investment_purchase","investment_acquisition","8343","INR","INCX0039purchase",,,"matched"
"synthetic","generated_for_testing","TXN00040","USR0040","2025-05-11","investment_sale","investment_disposal","8480","INR","INCX0040sale","INV0040","CG0040","review"
"synthetic","generated_for_testing","TXN00041","USR0041","2025-05-12","rent_receipt","income_receipt","8617","INR",,,,"matched"
"synthetic","generated_for_testing","TXN00042","USR0042","2025-05-13","salary_credit","income_receipt","8754","INR","INC004201",,,"matched"
"synthetic","generated_for_testing","TXN00043","USR0043","2025-05-14","bank_interest_credit","income_receipt","8891","INR","INC004302",,,"matched"
"synthetic","generated_for_testing","TXN00044","USR0044","2025-05-15","freelance_receipt","income_receipt","9028","INR",,,,"matched"
"synthetic","generated_for_testing","TXN00045","USR0045","2025-05-16","investment_purchase","investment_acquisition","9165","INR","INCX0045purchase",,,"review"
"synthetic","generated_for_testing","TXN00046","USR0046","2025-05-17","investment_sale","investment_disposal","9302","INR","INCX0046sale","INV0046",,"matched"
"synthetic","generated_for_testing","TXN00047","USR0047","2025-05-18","rent_receipt","income_receipt","9439","INR",,,,"matched"
"synthetic","generated_for_testing","TXN00048","USR0048","2025-05-19","salary_credit","income_receipt","9576","INR","INC004801",,,"matched"
"synthetic","generated_for_testing","TXN00049","USR0049","2025-05-20","bank_interest_credit","income_receipt","9713","INR","INC004902",,,"matched"
"synthetic","generated_for_testing","TXN00050","USR0050","2025-05-21","freelance_receipt","income_receipt","9850","INR",,,,"review"
"synthetic","generated_for_testing","TXN00051","USR0001","2025-05-22","investment_purchase","investment_acquisition","9987","INR","INCX0001purchase",,,"matched"
"synthetic","generated_for_testing","TXN00052","USR0002","2025-05-23","investment_sale","investment_disposal","10124","INR","INCX0002sale","INV0002",,"matched"
"synthetic","generated_for_testing","TXN00053","USR0003","2025-05-24","rent_receipt","income_receipt","10261","INR",,,,"matched"
"synthetic","generated_for_testing","TXN00054","USR0004","2025-05-25","salary_credit","income_receipt","10398","INR","INC000401",,,"matched"
"synthetic","generated_for_testing","TXN00055","USR0005","2025-05-26","bank_interest_credit","income_receipt","10535","INR","INC000502",,,"review"
"synthetic","generated_for_testing","TXN00056","USR0006","2025-05-27","freelance_receipt","income_receipt","10672","INR","INC000603",,,"matched"
"synthetic","generated_for_testing","TXN00057","USR0007","2025-05-28","investment_purchase","investment_acquisition","10809","INR","INCX0007purchase",,,"matched"
"synthetic","generated_for_testing","TXN00058","USR0008","2025-05-29","investment_sale","investment_disposal","10946","INR","INCX0008sale","INV0008","CG0008","matched"
"synthetic","generated_for_testing","TXN00059","USR0009","2025-05-30","rent_receipt","income_receipt","11083","INR",,,,"matched"
"synthetic","generated_for_testing","TXN00060","USR0010","2025-05-31","salary_credit","income_receipt","11220","INR","INC001001",,,"review"
"synthetic","generated_for_testing","TXN00061","USR0011","2025-06-01","bank_interest_credit","income_receipt","11357","INR","INC001102",,,"matched"
"synthetic","generated_for_testing","TXN00062","USR0012","2025-06-02","freelance_receipt","income_receipt","11494","INR","INC001203",,,"matched"
"synthetic","generated_for_testing","TXN00063","USR0013","2025-06-03","investment_purchase","investment_acquisition","11631","INR","INCX0013purchase",,,"matched"
"synthetic","generated_for_testing","TXN00064","USR0014","2025-06-04","investment_sale","investment_disposal","11768","INR","INCX0014sale","INV0014",,"matched"
"synthetic","generated_for_testing","TXN00065","USR0015","2025-06-05","rent_receipt","income_receipt","11905","INR",,,,"review"
"synthetic","generated_for_testing","TXN00066","USR0016","2025-06-06","salary_credit","income_receipt","12042","INR","INC001601",,,"matched"
"synthetic","generated_for_testing","TXN00067","USR0017","2025-06-07","bank_interest_credit","income_receipt","12179","INR","INC001702",,,"matched"
"synthetic","generated_for_testing","TXN00068","USR0018","2025-06-08","freelance_receipt","income_receipt","12316","INR","INC001803",,,"matched"
"synthetic","generated_for_testing","TXN00069","USR0019","2025-06-09","investment_purchase","investment_acquisition","12453","INR","INCX0019purchase",,,"matched"
"synthetic","generated_for_testing","TXN00070","USR0020","2025-06-10","investment_sale","investment_disposal","12590","INR","INCX0020sale","INV0020","CG0020","review"
"synthetic","generated_for_testing","TXN00071","USR0021","2025-06-11","rent_receipt","income_receipt","12727","INR",,,,"matched"
"synthetic","generated_for_testing","TXN00072","USR0022","2025-06-12","salary_credit","income_receipt","12864","INR","INC002201",,,"matched"
"synthetic","generated_for_testing","TXN00073","USR0023","2025-06-13","bank_interest_credit","income_receipt","13001","INR","INC002302",,,"matched"
"synthetic","generated_for_testing","TXN00074","USR0024","2025-06-14","freelance_receipt","income_receipt","13138","INR","INC002403",,,"matched"
"synthetic","generated_for_testing","TXN00075","USR0025","2025-06-15","investment_purchase","investment_acquisition","13275","INR","INCX0025purchase",,,"review"
"synthetic","generated_for_testing","TXN00076","USR0026","2025-06-16","investment_sale","investment_disposal","13412","INR","INCX0026sale","INV0026",,"matched"
"synthetic","generated_for_testing","TXN00077","USR0027","2025-06-17","rent_receipt","income_receipt","13549","INR",,,,"matched"
"synthetic","generated_for_testing","TXN00078","USR0028","2025-06-18","salary_credit","income_receipt","13686","INR","INC002801",,,"matched"
"synthetic","generated_for_testing","TXN00079","USR0029","2025-06-19","bank_interest_credit","income_receipt","13823","INR","INC002902",,,"matched"
"synthetic","generated_for_testing","TXN00080","USR0030","2025-06-20","freelance_receipt","income_receipt","13960","INR","INC003003",,,"review"
"synthetic","generated_for_testing","TXN00081","USR0031","2025-06-21","investment_purchase","investment_acquisition","14097","INR","INCX0031purchase",,,"matched"
"synthetic","generated_for_testing","TXN00082","USR0032","2025-06-22","investment_sale","investment_disposal","14234","INR","INCX0032sale","INV0032","CG0032","matched"
"synthetic","generated_for_testing","TXN00083","USR0033","2025-06-23","rent_receipt","income_receipt","14371","INR",,,,"matched"
"synthetic","generated_for_testing","TXN00084","USR0034","2025-06-24","salary_credit","income_receipt","14508","INR","INC003401",,,"matched"
"synthetic","generated_for_testing","TXN00085","USR0035","2025-06-25","bank_interest_credit","income_receipt","14645","INR","INC003502",,,"review"
"synthetic","generated_for_testing","TXN00086","USR0036","2025-06-26","freelance_receipt","income_receipt","14782","INR","INC003603",,,"matched"
"synthetic","generated_for_testing","TXN00087","USR0037","2025-06-27","investment_purchase","investment_acquisition","14919","INR","INCX0037purchase",,,"matched"
"synthetic","generated_for_testing","TXN00088","USR0038","2025-06-28","investment_sale","investment_disposal","15056","INR","INCX0038sale","INV0038",,"matched"
"synthetic","generated_for_testing","TXN00089","USR0039","2025-06-29","rent_receipt","income_receipt","15193","INR",,,,"matched"
"synthetic","generated_for_testing","TXN00090","USR0040","2025-06-30","salary_credit","income_receipt","15330","INR","INC004001",,,"review"
"synthetic","generated_for_testing","TXN00091","USR0041","2025-07-01","bank_interest_credit","income_receipt","15467","INR","INC004102",,,"matched"
"synthetic","generated_for_testing","TXN00092","USR0042","2025-07-02","freelance_receipt","income_receipt","15604","INR","INC004203",,,"matched"
"synthetic","generated_for_testing","TXN00093","USR0043","2025-07-03","investment_purchase","investment_acquisition","15741","INR","INCX0043purchase",,,"matched"
"synthetic","generated_for_testing","TXN00094","USR0044","2025-07-04","investment_sale","investment_disposal","15878","INR","INCX0044sale","INV0044","CG0044","matched"
"synthetic","generated_for_testing","TXN00095","USR0045","2025-07-05","rent_receipt","income_receipt","16015","INR",,,,"review"
"synthetic","generated_for_testing","TXN00096","USR0046","2025-07-06","salary_credit","income_receipt","16152","INR","INC004601",,,"matched"
"synthetic","generated_for_testing","TXN00097","USR0047","2025-07-07","bank_interest_credit","income_receipt","16289","INR","INC004702",,,"matched"
"synthetic","generated_for_testing","TXN00098","USR0048","2025-07-08","freelance_receipt","income_receipt","16426","INR","INC004803",,,"matched"
"synthetic","generated_for_testing","TXN00099","USR0049","2025-07-09","investment_purchase","investment_acquisition","16563","INR","INCX0049purchase",,,"matched"
"synthetic","generated_for_testing","TXN00100","USR0050","2025-07-10","investment_sale","investment_disposal","16700","INR","INCX0050sale","INV0050",,"review"
"synthetic","generated_for_testing","TXN00101","USR0001","2025-07-11","rent_receipt","income_receipt","16837","INR",,,,"matched"
"synthetic","generated_for_testing","TXN00102","USR0002","2025-07-12","salary_credit","income_receipt","16974","INR","INC000201",,,"matched"
"synthetic","generated_for_testing","TXN00103","USR0003","2025-07-13","bank_interest_credit","income_receipt","17111","INR","INC000302",,,"matched"
"synthetic","generated_for_testing","TXN00104","USR0004","2025-07-14","freelance_receipt","income_receipt","17248","INR",,,,"matched"
"synthetic","generated_for_testing","TXN00105","USR0005","2025-07-15","investment_purchase","investment_acquisition","17385","INR","INCX0005purchase",,,"review"
"synthetic","generated_for_testing","TXN00106","USR0006","2025-07-16","investment_sale","investment_disposal","17522","INR","INCX0006sale","INV0006",,"matched"
"synthetic","generated_for_testing","TXN00107","USR0007","2025-07-17","rent_receipt","income_receipt","17659","INR",,,,"matched"
"synthetic","generated_for_testing","TXN00108","USR0008","2025-07-18","salary_credit","income_receipt","17796","INR","INC000801",,,"matched"
"synthetic","generated_for_testing","TXN00109","USR0009","2025-07-19","bank_interest_credit","income_receipt","17933","INR","INC000902",,,"matched"
"synthetic","generated_for_testing","TXN00110","USR0010","2025-07-20","freelance_receipt","income_receipt","18070","INR",,,,"review"
"synthetic","generated_for_testing","TXN00111","USR0011","2025-07-21","investment_purchase","investment_acquisition","18207","INR","INCX0011purchase",,,"matched"
"synthetic","generated_for_testing","TXN00112","USR0012","2025-07-22","investment_sale","investment_disposal","18344","INR","INCX0012sale","INV0012","CG0012","matched"
"synthetic","generated_for_testing","TXN00113","USR0013","2025-07-23","rent_receipt","income_receipt","18481","INR",,,,"matched"
"synthetic","generated_for_testing","TXN00114","USR0014","2025-07-24","salary_credit","income_receipt","18618","INR","INC001401",,,"matched"
"synthetic","generated_for_testing","TXN00115","USR0015","2025-07-25","bank_interest_credit","income_receipt","18755","INR","INC001502",,,"review"
"synthetic","generated_for_testing","TXN00116","USR0016","2025-07-26","freelance_receipt","income_receipt","18892","INR",,,,"matched"
"synthetic","generated_for_testing","TXN00117","USR0017","2025-07-27","investment_purchase","investment_acquisition","19029","INR","INCX0017purchase",,,"matched"
"synthetic","generated_for_testing","TXN00118","USR0018","2025-07-28","investment_sale","investment_disposal","19166","INR","INCX0018sale","INV0018",,"matched"
"synthetic","generated_for_testing","TXN00119","USR0019","2025-07-29","rent_receipt","income_receipt","19303","INR",,,,"matched"
"synthetic","generated_for_testing","TXN00120","USR0020","2025-07-30","salary_credit","income_receipt","19440","INR","INC002001",,,"review"
"synthetic","generated_for_testing","TXN00121","USR0021","2025-07-31","bank_interest_credit","income_receipt","19577","INR","INC002102",,,"matched"
"synthetic","generated_for_testing","TXN00122","USR0022","2025-08-01","freelance_receipt","income_receipt","19714","INR",,,,"matched"
"synthetic","generated_for_testing","TXN00123","USR0023","2025-08-02","investment_purchase","investment_acquisition","19851","INR","INCX0023purchase",,,"matched"
"synthetic","generated_for_testing","TXN00124","USR0024","2025-08-03","investment_sale","investment_disposal","19988","INR","INCX0024sale","INV0024","CG0024","matched"
"synthetic","generated_for_testing","TXN00125","USR0025","2025-08-04","rent_receipt","income_receipt","20125","INR","INC002503",,,"review"
"synthetic","generated_for_testing","TXN00126","USR0026","2025-08-05","salary_credit","income_receipt","20262","INR","INC002601",,,"matched"
"synthetic","generated_for_testing","TXN00127","USR0027","2025-08-06","bank_interest_credit","income_receipt","20399","INR","INC002702",,,"matched"
"synthetic","generated_for_testing","TXN00128","USR0028","2025-08-07","freelance_receipt","income_receipt","20536","INR",,,,"matched"
"synthetic","generated_for_testing","TXN00129","USR0029","2025-08-08","investment_purchase","investment_acquisition","20673","INR","INCX0029purchase",,,"matched"
"synthetic","generated_for_testing","TXN00130","USR0030","2025-08-09","investment_sale","investment_disposal","20810","INR","INCX0030sale","INV0030",,"review"
"synthetic","generated_for_testing","TXN00131","USR0031","2025-08-10","rent_receipt","income_receipt","20947","INR",,,,"matched"
"synthetic","generated_for_testing","TXN00132","USR0032","2025-08-11","salary_credit","income_receipt","21084","INR","INC003201",,,"matched"
"synthetic","generated_for_testing","TXN00133","USR0033","2025-08-12","bank_interest_credit","income_receipt","21221","INR","INC003302",,,"matched"
"synthetic","generated_for_testing","TXN00134","USR0034","2025-08-13","freelance_receipt","income_receipt","21358","INR",,,,"matched"
"synthetic","generated_for_testing","TXN00135","USR0035","2025-08-14","investment_purchase","investment_acquisition","21495","INR","INCX0035purchase",,,"review"
"synthetic","generated_for_testing","TXN00136","USR0036","2025-08-15","investment_sale","investment_disposal","21632","INR","INCX0036sale","INV0036","CG0036","matched"
"synthetic","generated_for_testing","TXN00137","USR0037","2025-08-16","rent_receipt","income_receipt","21769","INR",,,,"matched"
"synthetic","generated_for_testing","TXN00138","USR0038","2025-08-17","salary_credit","income_receipt","21906","INR","INC003801",,,"matched"
"synthetic","generated_for_testing","TXN00139","USR0039","2025-08-18","bank_interest_credit","income_receipt","22043","INR","INC003902",,,"matched"
"synthetic","generated_for_testing","TXN00140","USR0040","2025-08-19","freelance_receipt","income_receipt","22180","INR",,,,"review"
"synthetic","generated_for_testing","TXN00141","USR0041","2025-08-20","investment_purchase","investment_acquisition","22317","INR","INCX0041purchase",,,"matched"
"synthetic","generated_for_testing","TXN00142","USR0042","2025-08-21","investment_sale","investment_disposal","22454","INR","INCX0042sale","INV0042",,"matched"
"synthetic","generated_for_testing","TXN00143","USR0043","2025-08-22","rent_receipt","income_receipt","22591","INR",,,,"matched"
"synthetic","generated_for_testing","TXN00144","USR0044","2025-08-23","salary_credit","income_receipt","22728","INR","INC004401",,,"matched"
"synthetic","generated_for_testing","TXN00145","USR0045","2025-08-24","bank_interest_credit","income_receipt","22865","INR","INC004502",,,"review"
"synthetic","generated_for_testing","TXN00146","USR0046","2025-08-25","freelance_receipt","income_receipt","23002","INR",,,,"matched"
"synthetic","generated_for_testing","TXN00147","USR0047","2025-08-26","investment_purchase","investment_acquisition","23139","INR","INCX0047purchase",,,"matched"
"synthetic","generated_for_testing","TXN00148","USR0048","2025-08-27","investment_sale","investment_disposal","23276","INR","INCX0048sale","INV0048","CG0048","matched"
"synthetic","generated_for_testing","TXN00149","USR0049","2025-08-28","rent_receipt","income_receipt","23413","INR",,,,"matched"
"synthetic","generated_for_testing","TXN00150","USR0050","2025-08-29","salary_credit","income_receipt","23550","INR","INC005001",,,"review"
"synthetic","generated_for_testing","TXN00151","USR0001","2025-08-30","bank_interest_credit","income_receipt","23687","INR","INC000102",,,"matched"
"synthetic","generated_for_testing","TXN00152","USR0002","2025-08-31","freelance_receipt","income_receipt","23824","INR",,,,"matched"
"synthetic","generated_for_testing","TXN00153","USR0003","2025-09-01","investment_purchase","investment_acquisition","23961","INR","INCX0003purchase",,,"matched"
"synthetic","generated_for_testing","TXN00154","USR0004","2025-09-02","investment_sale","investment_disposal","24098","INR","INCX0004sale","INV0004","CG0004","matched"
"synthetic","generated_for_testing","TXN00155","USR0005","2025-09-03","rent_receipt","income_receipt","24235","INR","INC000503",,,"review"
"synthetic","generated_for_testing","TXN00156","USR0006","2025-09-04","salary_credit","income_receipt","24372","INR","INC000601",,,"matched"
"synthetic","generated_for_testing","TXN00157","USR0007","2025-09-05","bank_interest_credit","income_receipt","24509","INR","INC000702",,,"matched"
"synthetic","generated_for_testing","TXN00158","USR0008","2025-09-06","freelance_receipt","income_receipt","24646","INR",,,,"matched"
"synthetic","generated_for_testing","TXN00159","USR0009","2025-09-07","investment_purchase","investment_acquisition","24783","INR","INCX0009purchase",,,"matched"
"synthetic","generated_for_testing","TXN00160","USR0010","2025-09-08","investment_sale","investment_disposal","24920","INR","INCX0010sale","INV0010",,"review"
"synthetic","generated_for_testing","TXN00161","USR0011","2025-09-09","rent_receipt","income_receipt","25057","INR",,,,"matched"
"synthetic","generated_for_testing","TXN00162","USR0012","2025-09-10","salary_credit","income_receipt","25194","INR","INC001201",,,"matched"
"synthetic","generated_for_testing","TXN00163","USR0013","2025-09-11","bank_interest_credit","income_receipt","25331","INR","INC001302",,,"matched"
"synthetic","generated_for_testing","TXN00164","USR0014","2025-09-12","freelance_receipt","income_receipt","25468","INR",,,,"matched"
"synthetic","generated_for_testing","TXN00165","USR0015","2025-09-13","investment_purchase","investment_acquisition","25605","INR","INCX0015purchase",,,"review"
"synthetic","generated_for_testing","TXN00166","USR0016","2025-09-14","investment_sale","investment_disposal","25742","INR","INCX0016sale","INV0016","CG0016","matched"
"synthetic","generated_for_testing","TXN00167","USR0017","2025-09-15","rent_receipt","income_receipt","25879","INR",,,,"matched"
"synthetic","generated_for_testing","TXN00168","USR0018","2025-09-16","salary_credit","income_receipt","26016","INR","INC001801",,,"matched"
"synthetic","generated_for_testing","TXN00169","USR0019","2025-09-17","bank_interest_credit","income_receipt","26153","INR","INC001902",,,"matched"
"synthetic","generated_for_testing","TXN00170","USR0020","2025-09-18","freelance_receipt","income_receipt","26290","INR",,,,"review"
"synthetic","generated_for_testing","TXN00171","USR0021","2025-09-19","investment_purchase","investment_acquisition","26427","INR","INCX0021purchase",,,"matched"
"synthetic","generated_for_testing","TXN00172","USR0022","2025-09-20","investment_sale","investment_disposal","26564","INR","INCX0022sale","INV0022",,"matched"
"synthetic","generated_for_testing","TXN00173","USR0023","2025-09-21","rent_receipt","income_receipt","26701","INR",,,,"matched"
"synthetic","generated_for_testing","TXN00174","USR0024","2025-09-22","salary_credit","income_receipt","26838","INR","INC002401",,,"matched"
"synthetic","generated_for_testing","TXN00175","USR0025","2025-09-23","bank_interest_credit","income_receipt","26975","INR","INC002502",,,"review"
"synthetic","generated_for_testing","TXN00176","USR0026","2025-09-24","freelance_receipt","income_receipt","27112","INR",,,,"matched"
"synthetic","generated_for_testing","TXN00177","USR0027","2025-09-25","investment_purchase","investment_acquisition","27249","INR","INCX0027purchase",,,"matched"
"synthetic","generated_for_testing","TXN00178","USR0028","2025-09-26","investment_sale","investment_disposal","27386","INR","INCX0028sale","INV0028","CG0028","matched"
"synthetic","generated_for_testing","TXN00179","USR0029","2025-09-27","rent_receipt","income_receipt","27523","INR",,,,"matched"
"synthetic","generated_for_testing","TXN00180","USR0030","2025-09-28","salary_credit","income_receipt","27660","INR","INC003001",,,"review"
"synthetic","generated_for_testing","TXN00181","USR0031","2025-09-29","bank_interest_credit","income_receipt","27797","INR","INC003102",,,"matched"
"synthetic","generated_for_testing","TXN00182","USR0032","2025-09-30","freelance_receipt","income_receipt","27934","INR",,,,"matched"
"synthetic","generated_for_testing","TXN00183","USR0033","2025-10-01","investment_purchase","investment_acquisition","28071","INR","INCX0033purchase",,,"matched"
"synthetic","generated_for_testing","TXN00184","USR0034","2025-10-02","investment_sale","investment_disposal","28208","INR","INCX0034sale","INV0034",,"matched"
"synthetic","generated_for_testing","TXN00185","USR0035","2025-10-03","rent_receipt","income_receipt","28345","INR","INC003503",,,"review"
"synthetic","generated_for_testing","TXN00186","USR0036","2025-10-04","salary_credit","income_receipt","28482","INR","INC003601",,,"matched"
"synthetic","generated_for_testing","TXN00187","USR0037","2025-10-05","bank_interest_credit","income_receipt","28619","INR","INC003702",,,"matched"
"synthetic","generated_for_testing","TXN00188","USR0038","2025-10-06","freelance_receipt","income_receipt","28756","INR",,,,"matched"
"synthetic","generated_for_testing","TXN00189","USR0039","2025-10-07","investment_purchase","investment_acquisition","28893","INR","INCX0039purchase",,,"matched"
"synthetic","generated_for_testing","TXN00190","USR0040","2025-10-08","investment_sale","investment_disposal","29030","INR","INCX0040sale","INV0040","CG0040","review"
"synthetic","generated_for_testing","TXN00191","USR0041","2025-10-09","rent_receipt","income_receipt","29167","INR",,,,"matched"
"synthetic","generated_for_testing","TXN00192","USR0042","2025-10-10","salary_credit","income_receipt","29304","INR","INC004201",,,"matched"
"synthetic","generated_for_testing","TXN00193","USR0043","2025-10-11","bank_interest_credit","income_receipt","29441","INR","INC004302",,,"matched"
"synthetic","generated_for_testing","TXN00194","USR0044","2025-10-12","freelance_receipt","income_receipt","29578","INR",,,,"matched"
"synthetic","generated_for_testing","TXN00195","USR0045","2025-10-13","investment_purchase","investment_acquisition","29715","INR","INCX0045purchase",,,"review"
"synthetic","generated_for_testing","TXN00196","USR0046","2025-10-14","investment_sale","investment_disposal","29852","INR","INCX0046sale","INV0046",,"matched"
"synthetic","generated_for_testing","TXN00197","USR0047","2025-10-15","rent_receipt","income_receipt","29989","INR",,,,"matched"
"synthetic","generated_for_testing","TXN00198","USR0048","2025-10-16","salary_credit","income_receipt","30126","INR","INC004801",,,"matched"
"synthetic","generated_for_testing","TXN00199","USR0049","2025-10-17","bank_interest_credit","income_receipt","30263","INR","INC004902",,,"matched"
"synthetic","generated_for_testing","TXN00200","USR0050","2025-10-18","freelance_receipt","income_receipt","30400","INR",,,,"review"
"synthetic","generated_for_testing","TXN00201","USR0001","2025-10-19","investment_purchase","investment_acquisition","30537","INR","INCX0001purchase",,,"matched"
"synthetic","generated_for_testing","TXN00202","USR0002","2025-10-20","investment_sale","investment_disposal","30674","INR","INCX0002sale","INV0002",,"matched"
"synthetic","generated_for_testing","TXN00203","USR0003","2025-10-21","rent_receipt","income_receipt","30811","INR",,,,"matched"
"synthetic","generated_for_testing","TXN00204","USR0004","2025-10-22","salary_credit","income_receipt","30948","INR","INC000401",,,"matched"
"synthetic","generated_for_testing","TXN00205","USR0005","2025-10-23","bank_interest_credit","income_receipt","31085","INR","INC000502",,,"review"
"synthetic","generated_for_testing","TXN00206","USR0006","2025-10-24","freelance_receipt","income_receipt","31222","INR","INC000603",,,"matched"
"synthetic","generated_for_testing","TXN00207","USR0007","2025-10-25","investment_purchase","investment_acquisition","31359","INR","INCX0007purchase",,,"matched"
"synthetic","generated_for_testing","TXN00208","USR0008","2025-10-26","investment_sale","investment_disposal","31496","INR","INCX0008sale","INV0008","CG0008","matched"
"synthetic","generated_for_testing","TXN00209","USR0009","2025-10-27","rent_receipt","income_receipt","31633","INR",,,,"matched"
"synthetic","generated_for_testing","TXN00210","USR0010","2025-10-28","salary_credit","income_receipt","31770","INR","INC001001",,,"review"
"synthetic","generated_for_testing","TXN00211","USR0011","2025-10-29","bank_interest_credit","income_receipt","31907","INR","INC001102",,,"matched"
"synthetic","generated_for_testing","TXN00212","USR0012","2025-10-30","freelance_receipt","income_receipt","32044","INR","INC001203",,,"matched"
"synthetic","generated_for_testing","TXN00213","USR0013","2025-10-31","investment_purchase","investment_acquisition","32181","INR","INCX0013purchase",,,"matched"
"synthetic","generated_for_testing","TXN00214","USR0014","2025-11-01","investment_sale","investment_disposal","32318","INR","INCX0014sale","INV0014",,"matched"
"synthetic","generated_for_testing","TXN00215","USR0015","2025-11-02","rent_receipt","income_receipt","32455","INR",,,,"review"
"synthetic","generated_for_testing","TXN00216","USR0016","2025-11-03","salary_credit","income_receipt","32592","INR","INC001601",,,"matched"
"synthetic","generated_for_testing","TXN00217","USR0017","2025-11-04","bank_interest_credit","income_receipt","32729","INR","INC001702",,,"matched"
"synthetic","generated_for_testing","TXN00218","USR0018","2025-11-05","freelance_receipt","income_receipt","32866","INR","INC001803",,,"matched"
"synthetic","generated_for_testing","TXN00219","USR0019","2025-11-06","investment_purchase","investment_acquisition","33003","INR","INCX0019purchase",,,"matched"
"synthetic","generated_for_testing","TXN00220","USR0020","2025-11-07","investment_sale","investment_disposal","33140","INR","INCX0020sale","INV0020","CG0020","review"
"synthetic","generated_for_testing","TXN00221","USR0021","2025-11-08","rent_receipt","income_receipt","33277","INR",,,,"matched"
"synthetic","generated_for_testing","TXN00222","USR0022","2025-11-09","salary_credit","income_receipt","33414","INR","INC002201",,,"matched"
"synthetic","generated_for_testing","TXN00223","USR0023","2025-11-10","bank_interest_credit","income_receipt","33551","INR","INC002302",,,"matched"
"synthetic","generated_for_testing","TXN00224","USR0024","2025-11-11","freelance_receipt","income_receipt","33688","INR","INC002403",,,"matched"
"synthetic","generated_for_testing","TXN00225","USR0025","2025-11-12","investment_purchase","investment_acquisition","33825","INR","INCX0025purchase",,,"review"
"synthetic","generated_for_testing","TXN00226","USR0026","2025-11-13","investment_sale","investment_disposal","33962","INR","INCX0026sale","INV0026",,"matched"
"synthetic","generated_for_testing","TXN00227","USR0027","2025-11-14","rent_receipt","income_receipt","34099","INR",,,,"matched"
"synthetic","generated_for_testing","TXN00228","USR0028","2025-11-15","salary_credit","income_receipt","34236","INR","INC002801",,,"matched"
"synthetic","generated_for_testing","TXN00229","USR0029","2025-11-16","bank_interest_credit","income_receipt","34373","INR","INC002902",,,"matched"
"synthetic","generated_for_testing","TXN00230","USR0030","2025-11-17","freelance_receipt","income_receipt","34510","INR","INC003003",,,"review"
"synthetic","generated_for_testing","TXN00231","USR0031","2025-11-18","investment_purchase","investment_acquisition","34647","INR","INCX0031purchase",,,"matched"
"synthetic","generated_for_testing","TXN00232","USR0032","2025-11-19","investment_sale","investment_disposal","34784","INR","INCX0032sale","INV0032","CG0032","matched"
"synthetic","generated_for_testing","TXN00233","USR0033","2025-11-20","rent_receipt","income_receipt","34921","INR",,,,"matched"
"synthetic","generated_for_testing","TXN00234","USR0034","2025-11-21","salary_credit","income_receipt","35058","INR","INC003401",,,"matched"
"synthetic","generated_for_testing","TXN00235","USR0035","2025-11-22","bank_interest_credit","income_receipt","35195","INR","INC003502",,,"review"
"synthetic","generated_for_testing","TXN00236","USR0036","2025-11-23","freelance_receipt","income_receipt","35332","INR","INC003603",,,"matched"
"synthetic","generated_for_testing","TXN00237","USR0037","2025-11-24","investment_purchase","investment_acquisition","35469","INR","INCX0037purchase",,,"matched"
"synthetic","generated_for_testing","TXN00238","USR0038","2025-11-25","investment_sale","investment_disposal","35606","INR","INCX0038sale","INV0038",,"matched"
"synthetic","generated_for_testing","TXN00239","USR0039","2025-11-26","rent_receipt","income_receipt","35743","INR",,,,"matched"
"synthetic","generated_for_testing","TXN00240","USR0040","2025-11-27","salary_credit","income_receipt","35880","INR","INC004001",,,"review"
"synthetic","generated_for_testing","TXN00241","USR0041","2025-11-28","bank_interest_credit","income_receipt","36017","INR","INC004102",,,"matched"
"synthetic","generated_for_testing","TXN00242","USR0042","2025-11-29","freelance_receipt","income_receipt","36154","INR","INC004203",,,"matched"
"synthetic","generated_for_testing","TXN00243","USR0043","2025-11-30","investment_purchase","investment_acquisition","36291","INR","INCX0043purchase",,,"matched"
"synthetic","generated_for_testing","TXN00244","USR0044","2025-12-01","investment_sale","investment_disposal","36428","INR","INCX0044sale","INV0044","CG0044","matched"
"synthetic","generated_for_testing","TXN00245","USR0045","2025-12-02","rent_receipt","income_receipt","36565","INR",,,,"review"
"synthetic","generated_for_testing","TXN00246","USR0046","2025-12-03","salary_credit","income_receipt","36702","INR","INC004601",,,"matched"
"synthetic","generated_for_testing","TXN00247","USR0047","2025-12-04","bank_interest_credit","income_receipt","36839","INR","INC004702",,,"matched"
"synthetic","generated_for_testing","TXN00248","USR0048","2025-12-05","freelance_receipt","income_receipt","36976","INR","INC004803",,,"matched"
"synthetic","generated_for_testing","TXN00249","USR0049","2025-12-06","investment_purchase","investment_acquisition","37113","INR","INCX0049purchase",,,"matched"
"synthetic","generated_for_testing","TXN00250","USR0050","2025-12-07","investment_sale","investment_disposal","37250","INR","INCX0050sale","INV0050",,"review"
"synthetic","generated_for_testing","TXN00251","USR0001","2025-12-08","rent_receipt","income_receipt","37387","INR",,,,"matched"
"synthetic","generated_for_testing","TXN00252","USR0002","2025-12-09","salary_credit","income_receipt","37524","INR","INC000201",,,"matched"
"synthetic","generated_for_testing","TXN00253","USR0003","2025-12-10","bank_interest_credit","income_receipt","37661","INR","INC000302",,,"matched"
"synthetic","generated_for_testing","TXN00254","USR0004","2025-12-11","freelance_receipt","income_receipt","37798","INR",,,,"matched"
"synthetic","generated_for_testing","TXN00255","USR0005","2025-12-12","investment_purchase","investment_acquisition","37935","INR","INCX0005purchase",,,"review"
"synthetic","generated_for_testing","TXN00256","USR0006","2025-12-13","investment_sale","investment_disposal","38072","INR","INCX0006sale","INV0006",,"matched"
"synthetic","generated_for_testing","TXN00257","USR0007","2025-12-14","rent_receipt","income_receipt","38209","INR",,,,"matched"
"synthetic","generated_for_testing","TXN00258","USR0008","2025-12-15","salary_credit","income_receipt","38346","INR","INC000801",,,"matched"
"synthetic","generated_for_testing","TXN00259","USR0009","2025-12-16","bank_interest_credit","income_receipt","38483","INR","INC000902",,,"matched"
"synthetic","generated_for_testing","TXN00260","USR0010","2025-12-17","freelance_receipt","income_receipt","38620","INR",,,,"review"
"synthetic","generated_for_testing","TXN00261","USR0011","2025-12-18","investment_purchase","investment_acquisition","38757","INR","INCX0011purchase",,,"matched"
"synthetic","generated_for_testing","TXN00262","USR0012","2025-12-19","investment_sale","investment_disposal","38894","INR","INCX0012sale","INV0012","CG0012","matched"
"synthetic","generated_for_testing","TXN00263","USR0013","2025-12-20","rent_receipt","income_receipt","39031","INR",,,,"matched"
"synthetic","generated_for_testing","TXN00264","USR0014","2025-12-21","salary_credit","income_receipt","39168","INR","INC001401",,,"matched"
"synthetic","generated_for_testing","TXN00265","USR0015","2025-12-22","bank_interest_credit","income_receipt","39305","INR","INC001502",,,"review"
"synthetic","generated_for_testing","TXN00266","USR0016","2025-12-23","freelance_receipt","income_receipt","39442","INR",,,,"matched"
"synthetic","generated_for_testing","TXN00267","USR0017","2025-12-24","investment_purchase","investment_acquisition","39579","INR","INCX0017purchase",,,"matched"
"synthetic","generated_for_testing","TXN00268","USR0018","2025-12-25","investment_sale","investment_disposal","39716","INR","INCX0018sale","INV0018",,"matched"
"synthetic","generated_for_testing","TXN00269","USR0019","2025-12-26","rent_receipt","income_receipt","39853","INR",,,,"matched"
"synthetic","generated_for_testing","TXN00270","USR0020","2025-12-27","salary_credit","income_receipt","39990","INR","INC002001",,,"review"
"synthetic","generated_for_testing","TXN00271","USR0021","2025-12-28","bank_interest_credit","income_receipt","40127","INR","INC002102",,,"matched"
"synthetic","generated_for_testing","TXN00272","USR0022","2025-12-29","freelance_receipt","income_receipt","40264","INR",,,,"matched"
"synthetic","generated_for_testing","TXN00273","USR0023","2025-12-30","investment_purchase","investment_acquisition","40401","INR","INCX0023purchase",,,"matched"
"synthetic","generated_for_testing","TXN00274","USR0024","2025-12-31","investment_sale","investment_disposal","40538","INR","INCX0024sale","INV0024","CG0024","matched"
"synthetic","generated_for_testing","TXN00275","USR0025","2026-01-01","rent_receipt","income_receipt","40675","INR","INC002503",,,"review"
"synthetic","generated_for_testing","TXN00276","USR0026","2026-01-02","salary_credit","income_receipt","40812","INR","INC002601",,,"matched"
"synthetic","generated_for_testing","TXN00277","USR0027","2026-01-03","bank_interest_credit","income_receipt","40949","INR","INC002702",,,"matched"
"synthetic","generated_for_testing","TXN00278","USR0028","2026-01-04","freelance_receipt","income_receipt","41086","INR",,,,"matched"
"synthetic","generated_for_testing","TXN00279","USR0029","2026-01-05","investment_purchase","investment_acquisition","41223","INR","INCX0029purchase",,,"matched"
"synthetic","generated_for_testing","TXN00280","USR0030","2026-01-06","investment_sale","investment_disposal","41360","INR","INCX0030sale","INV0030",,"review"
"synthetic","generated_for_testing","TXN00281","USR0031","2026-01-07","rent_receipt","income_receipt","41497","INR",,,,"matched"
"synthetic","generated_for_testing","TXN00282","USR0032","2026-01-08","salary_credit","income_receipt","41634","INR","INC003201",,,"matched"
"synthetic","generated_for_testing","TXN00283","USR0033","2026-01-09","bank_interest_credit","income_receipt","41771","INR","INC003302",,,"matched"
"synthetic","generated_for_testing","TXN00284","USR0034","2026-01-10","freelance_receipt","income_receipt","41908","INR",,,,"matched"
"synthetic","generated_for_testing","TXN00285","USR0035","2026-01-11","investment_purchase","investment_acquisition","42045","INR","INCX0035purchase",,,"review"
"synthetic","generated_for_testing","TXN00286","USR0036","2026-01-12","investment_sale","investment_disposal","42182","INR","INCX0036sale","INV0036","CG0036","matched"
"synthetic","generated_for_testing","TXN00287","USR0037","2026-01-13","rent_receipt","income_receipt","42319","INR",,,,"matched"
"synthetic","generated_for_testing","TXN00288","USR0038","2026-01-14","salary_credit","income_receipt","42456","INR","INC003801",,,"matched"
"synthetic","generated_for_testing","TXN00289","USR0039","2026-01-15","bank_interest_credit","income_receipt","42593","INR","INC003902",,,"matched"
"synthetic","generated_for_testing","TXN00290","USR0040","2026-01-16","freelance_receipt","income_receipt","42730","INR",,,,"review"
"synthetic","generated_for_testing","TXN00291","USR0041","2026-01-17","investment_purchase","investment_acquisition","42867","INR","INCX0041purchase",,,"matched"
"synthetic","generated_for_testing","TXN00292","USR0042","2026-01-18","investment_sale","investment_disposal","43004","INR","INCX0042sale","INV0042",,"matched"
"synthetic","generated_for_testing","TXN00293","USR0043","2026-01-19","rent_receipt","income_receipt","43141","INR",,,,"matched"
"synthetic","generated_for_testing","TXN00294","USR0044","2026-01-20","salary_credit","income_receipt","43278","INR","INC004401",,,"matched"
"synthetic","generated_for_testing","TXN00295","USR0045","2026-01-21","bank_interest_credit","income_receipt","43415","INR","INC004502",,,"review"
"synthetic","generated_for_testing","TXN00296","USR0046","2026-01-22","freelance_receipt","income_receipt","43552","INR",,,,"matched"
"synthetic","generated_for_testing","TXN00297","USR0047","2026-01-23","investment_purchase","investment_acquisition","43689","INR","INCX0047purchase",,,"matched"
"synthetic","generated_for_testing","TXN00298","USR0048","2026-01-24","investment_sale","investment_disposal","43826","INR","INCX0048sale","INV0048","CG0048","matched"
"synthetic","generated_for_testing","TXN00299","USR0049","2026-01-25","rent_receipt","income_receipt","43963","INR",,,,"matched"
"synthetic","generated_for_testing","TXN00300","USR0050","2026-01-26","salary_credit","income_receipt","44100","INR","INC005001",,,"review"
"synthetic","generated_for_testing","TXN00301","USR0001","2026-01-27","bank_interest_credit","income_receipt","44237","INR","INC000102",,,"matched"
"synthetic","generated_for_testing","TXN00302","USR0002","2026-01-28","freelance_receipt","income_receipt","44374","INR",,,,"matched"
"synthetic","generated_for_testing","TXN00303","USR0003","2026-01-29","investment_purchase","investment_acquisition","44511","INR","INCX0003purchase",,,"matched"
"synthetic","generated_for_testing","TXN00304","USR0004","2026-01-30","investment_sale","investment_disposal","44648","INR","INCX0004sale","INV0004","CG0004","matched"
"synthetic","generated_for_testing","TXN00305","USR0005","2026-01-31","rent_receipt","income_receipt","44785","INR","INC000503",,,"review"
"synthetic","generated_for_testing","TXN00306","USR0006","2026-02-01","salary_credit","income_receipt","44922","INR","INC000601",,,"matched"
"synthetic","generated_for_testing","TXN00307","USR0007","2026-02-02","bank_interest_credit","income_receipt","45059","INR","INC000702",,,"matched"
"synthetic","generated_for_testing","TXN00308","USR0008","2026-02-03","freelance_receipt","income_receipt","45196","INR",,,,"matched"
"synthetic","generated_for_testing","TXN00309","USR0009","2026-02-04","investment_purchase","investment_acquisition","45333","INR","INCX0009purchase",,,"matched"
"synthetic","generated_for_testing","TXN00310","USR0010","2026-02-05","investment_sale","investment_disposal","45470","INR","INCX0010sale","INV0010",,"review"
"synthetic","generated_for_testing","TXN00311","USR0011","2026-02-06","rent_receipt","income_receipt","45607","INR",,,,"matched"
"synthetic","generated_for_testing","TXN00312","USR0012","2026-02-07","salary_credit","income_receipt","45744","INR","INC001201",,,"matched"
"synthetic","generated_for_testing","TXN00313","USR0013","2026-02-08","bank_interest_credit","income_receipt","45881","INR","INC001302",,,"matched"
"synthetic","generated_for_testing","TXN00314","USR0014","2026-02-09","freelance_receipt","income_receipt","46018","INR",,,,"matched"
"synthetic","generated_for_testing","TXN00315","USR0015","2026-02-10","investment_purchase","investment_acquisition","46155","INR","INCX0015purchase",,,"review"
"synthetic","generated_for_testing","TXN00316","USR0016","2026-02-11","investment_sale","investment_disposal","46292","INR","INCX0016sale","INV0016","CG0016","matched"
"synthetic","generated_for_testing","TXN00317","USR0017","2026-02-12","rent_receipt","income_receipt","46429","INR",,,,"matched"
"synthetic","generated_for_testing","TXN00318","USR0018","2026-02-13","salary_credit","income_receipt","46566","INR","INC001801",,,"matched"
"synthetic","generated_for_testing","TXN00319","USR0019","2026-02-14","bank_interest_credit","income_receipt","46703","INR","INC001902",,,"matched"
"synthetic","generated_for_testing","TXN00320","USR0020","2026-02-15","freelance_receipt","income_receipt","46840","INR",,,,"review"
"synthetic","generated_for_testing","TXN00321","USR0021","2026-02-16","investment_purchase","investment_acquisition","46977","INR","INCX0021purchase",,,"matched"
"synthetic","generated_for_testing","TXN00322","USR0022","2026-02-17","investment_sale","investment_disposal","47114","INR","INCX0022sale","INV0022",,"matched"
"synthetic","generated_for_testing","TXN00323","USR0023","2026-02-18","rent_receipt","income_receipt","47251","INR",,,,"matched"
"synthetic","generated_for_testing","TXN00324","USR0024","2026-02-19","salary_credit","income_receipt","47388","INR","INC002401",,,"matched"
"synthetic","generated_for_testing","TXN00325","USR0025","2026-02-20","bank_interest_credit","income_receipt","47525","INR","INC002502",,,"review"
"synthetic","generated_for_testing","TXN00326","USR0026","2026-02-21","freelance_receipt","income_receipt","47662","INR",,,,"matched"
"synthetic","generated_for_testing","TXN00327","USR0027","2026-02-22","investment_purchase","investment_acquisition","47799","INR","INCX0027purchase",,,"matched"
"synthetic","generated_for_testing","TXN00328","USR0028","2026-02-23","investment_sale","investment_disposal","47936","INR","INCX0028sale","INV0028","CG0028","matched"
"synthetic","generated_for_testing","TXN00329","USR0029","2026-02-24","rent_receipt","income_receipt","48073","INR",,,,"matched"
"synthetic","generated_for_testing","TXN00330","USR0030","2026-02-25","salary_credit","income_receipt","48210","INR","INC003001",,,"review"
"synthetic","generated_for_testing","TXN00331","USR0031","2026-02-26","bank_interest_credit","income_receipt","48347","INR","INC003102",,,"matched"
"synthetic","generated_for_testing","TXN00332","USR0032","2026-02-27","freelance_receipt","income_receipt","48484","INR",,,,"matched"
"synthetic","generated_for_testing","TXN00333","USR0033","2026-02-28","investment_purchase","investment_acquisition","48621","INR","INCX0033purchase",,,"matched"
"synthetic","generated_for_testing","TXN00334","USR0034","2026-03-01","investment_sale","investment_disposal","48758","INR","INCX0034sale","INV0034",,"matched"
"synthetic","generated_for_testing","TXN00335","USR0035","2026-03-02","rent_receipt","income_receipt","48895","INR","INC003503",,,"review"
"synthetic","generated_for_testing","TXN00336","USR0036","2026-03-03","salary_credit","income_receipt","49032","INR","INC003601",,,"matched"
"synthetic","generated_for_testing","TXN00337","USR0037","2026-03-04","bank_interest_credit","income_receipt","49169","INR","INC003702",,,"matched"
"synthetic","generated_for_testing","TXN00338","USR0038","2026-03-05","freelance_receipt","income_receipt","49306","INR",,,,"matched"
"synthetic","generated_for_testing","TXN00339","USR0039","2026-03-06","investment_purchase","investment_acquisition","49443","INR","INCX0039purchase",,,"matched"
"synthetic","generated_for_testing","TXN00340","USR0040","2026-03-07","investment_sale","investment_disposal","49580","INR","INCX0040sale","INV0040","CG0040","review"
"synthetic","generated_for_testing","TXN00341","USR0041","2026-03-08","rent_receipt","income_receipt","49717","INR",,,,"matched"
"synthetic","generated_for_testing","TXN00342","USR0042","2026-03-09","salary_credit","income_receipt","49854","INR","INC004201",,,"matched"
"synthetic","generated_for_testing","TXN00343","USR0043","2026-03-10","bank_interest_credit","income_receipt","49991","INR","INC004302",,,"matched"
"synthetic","generated_for_testing","TXN00344","USR0044","2026-03-11","freelance_receipt","income_receipt","50128","INR",,,,"matched"
"synthetic","generated_for_testing","TXN00345","USR0045","2026-03-12","investment_purchase","investment_acquisition","50265","INR","INCX0045purchase",,,"review"
"synthetic","generated_for_testing","TXN00346","USR0046","2026-03-13","investment_sale","investment_disposal","50402","INR","INCX0046sale","INV0046",,"matched"
"synthetic","generated_for_testing","TXN00347","USR0047","2026-03-14","rent_receipt","income_receipt","50539","INR",,,,"matched"
"synthetic","generated_for_testing","TXN00348","USR0048","2026-03-15","salary_credit","income_receipt","50676","INR","INC004801",,,"matched"
"synthetic","generated_for_testing","TXN00349","USR0049","2026-03-16","bank_interest_credit","income_receipt","50813","INR","INC004902",,,"matched"
"synthetic","generated_for_testing","TXN00350","USR0050","2026-03-17","freelance_receipt","income_receipt","50950","INR",,,,"review"
"synthetic","generated_for_testing","TXN00351","USR0001","2026-03-18","investment_purchase","investment_acquisition","51087","INR","INCX0001purchase",,,"matched"
"synthetic","generated_for_testing","TXN00352","USR0002","2026-03-19","investment_sale","investment_disposal","51224","INR","INCX0002sale","INV0002",,"matched"
"synthetic","generated_for_testing","TXN00353","USR0003","2026-03-20","rent_receipt","income_receipt","51361","INR",,,,"matched"
"synthetic","generated_for_testing","TXN00354","USR0004","2026-03-21","salary_credit","income_receipt","51498","INR","INC000401",,,"matched"
"synthetic","generated_for_testing","TXN00355","USR0005","2026-03-22","bank_interest_credit","income_receipt","51635","INR","INC000502",,,"review"
"synthetic","generated_for_testing","TXN00356","USR0006","2026-03-23","freelance_receipt","income_receipt","51772","INR","INC000603",,,"matched"
"synthetic","generated_for_testing","TXN00357","USR0007","2026-03-24","investment_purchase","investment_acquisition","51909","INR","INCX0007purchase",,,"matched"
"synthetic","generated_for_testing","TXN00358","USR0008","2026-03-25","investment_sale","investment_disposal","52046","INR","INCX0008sale","INV0008","CG0008","matched"
"synthetic","generated_for_testing","TXN00359","USR0009","2026-03-26","rent_receipt","income_receipt","52183","INR",,,,"matched"
"synthetic","generated_for_testing","TXN00360","USR0010","2026-03-27","salary_credit","income_receipt","52320","INR","INC001001",,,"review"
"synthetic","generated_for_testing","TXN00361","USR0011","2026-03-28","bank_interest_credit","income_receipt","52457","INR","INC001102",,,"matched"
"synthetic","generated_for_testing","TXN00362","USR0012","2026-03-29","freelance_receipt","income_receipt","52594","INR","INC001203",,,"matched"
"synthetic","generated_for_testing","TXN00363","USR0013","2026-03-30","investment_purchase","investment_acquisition","52731","INR","INCX0013purchase",,,"matched"
"synthetic","generated_for_testing","TXN00364","USR0014","2026-03-31","investment_sale","investment_disposal","52868","INR","INCX0014sale","INV0014",,"matched"
"synthetic","generated_for_testing","TXN00365","USR0015","2025-04-01","rent_receipt","income_receipt","53005","INR",,,,"review"
"synthetic","generated_for_testing","TXN00366","USR0016","2025-04-02","salary_credit","income_receipt","53142","INR","INC001601",,,"matched"
"synthetic","generated_for_testing","TXN00367","USR0017","2025-04-03","bank_interest_credit","income_receipt","53279","INR","INC001702",,,"matched"
"synthetic","generated_for_testing","TXN00368","USR0018","2025-04-04","freelance_receipt","income_receipt","53416","INR","INC001803",,,"matched"
"synthetic","generated_for_testing","TXN00369","USR0019","2025-04-05","investment_purchase","investment_acquisition","53553","INR","INCX0019purchase",,,"matched"
"synthetic","generated_for_testing","TXN00370","USR0020","2025-04-06","investment_sale","investment_disposal","53690","INR","INCX0020sale","INV0020","CG0020","review"
"synthetic","generated_for_testing","TXN00371","USR0021","2025-04-07","rent_receipt","income_receipt","53827","INR",,,,"matched"
"synthetic","generated_for_testing","TXN00372","USR0022","2025-04-08","salary_credit","income_receipt","53964","INR","INC002201",,,"matched"
"synthetic","generated_for_testing","TXN00373","USR0023","2025-04-09","bank_interest_credit","income_receipt","54101","INR","INC002302",,,"matched"
"synthetic","generated_for_testing","TXN00374","USR0024","2025-04-10","freelance_receipt","income_receipt","54238","INR","INC002403",,,"matched"
"synthetic","generated_for_testing","TXN00375","USR0025","2025-04-11","investment_purchase","investment_acquisition","54375","INR","INCX0025purchase",,,"review"
"synthetic","generated_for_testing","TXN00376","USR0026","2025-04-12","investment_sale","investment_disposal","54512","INR","INCX0026sale","INV0026",,"matched"
"synthetic","generated_for_testing","TXN00377","USR0027","2025-04-13","rent_receipt","income_receipt","54649","INR",,,,"matched"
"synthetic","generated_for_testing","TXN00378","USR0028","2025-04-14","salary_credit","income_receipt","54786","INR","INC002801",,,"matched"
"synthetic","generated_for_testing","TXN00379","USR0029","2025-04-15","bank_interest_credit","income_receipt","54923","INR","INC002902",,,"matched"
"synthetic","generated_for_testing","TXN00380","USR0030","2025-04-16","freelance_receipt","income_receipt","55060","INR","INC003003",,,"review"
"synthetic","generated_for_testing","TXN00381","USR0031","2025-04-17","investment_purchase","investment_acquisition","55197","INR","INCX0031purchase",,,"matched"
"synthetic","generated_for_testing","TXN00382","USR0032","2025-04-18","investment_sale","investment_disposal","55334","INR","INCX0032sale","INV0032","CG0032","matched"
"synthetic","generated_for_testing","TXN00383","USR0033","2025-04-19","rent_receipt","income_receipt","55471","INR",,,,"matched"
"synthetic","generated_for_testing","TXN00384","USR0034","2025-04-20","salary_credit","income_receipt","55608","INR","INC003401",,,"matched"
"synthetic","generated_for_testing","TXN00385","USR0035","2025-04-21","bank_interest_credit","income_receipt","55745","INR","INC003502",,,"review"
"synthetic","generated_for_testing","TXN00386","USR0036","2025-04-22","freelance_receipt","income_receipt","55882","INR","INC003603",,,"matched"
"synthetic","generated_for_testing","TXN00387","USR0037","2025-04-23","investment_purchase","investment_acquisition","56019","INR","INCX0037purchase",,,"matched"
"synthetic","generated_for_testing","TXN00388","USR0038","2025-04-24","investment_sale","investment_disposal","56156","INR","INCX0038sale","INV0038",,"matched"
"synthetic","generated_for_testing","TXN00389","USR0039","2025-04-25","rent_receipt","income_receipt","56293","INR",,,,"matched"
"synthetic","generated_for_testing","TXN00390","USR0040","2025-04-26","salary_credit","income_receipt","56430","INR","INC004001",,,"review"
"synthetic","generated_for_testing","TXN00391","USR0041","2025-04-27","bank_interest_credit","income_receipt","56567","INR","INC004102",,,"matched"
"synthetic","generated_for_testing","TXN00392","USR0042","2025-04-28","freelance_receipt","income_receipt","56704","INR","INC004203",,,"matched"
"synthetic","generated_for_testing","TXN00393","USR0043","2025-04-29","investment_purchase","investment_acquisition","56841","INR","INCX0043purchase",,,"matched"
"synthetic","generated_for_testing","TXN00394","USR0044","2025-04-30","investment_sale","investment_disposal","56978","INR","INCX0044sale","INV0044","CG0044","matched"
"synthetic","generated_for_testing","TXN00395","USR0045","2025-05-01","rent_receipt","income_receipt","57115","INR",,,,"review"
"synthetic","generated_for_testing","TXN00396","USR0046","2025-05-02","salary_credit","income_receipt","57252","INR","INC004601",,,"matched"
"synthetic","generated_for_testing","TXN00397","USR0047","2025-05-03","bank_interest_credit","income_receipt","57389","INR","INC004702",,,"matched"
"synthetic","generated_for_testing","TXN00398","USR0048","2025-05-04","freelance_receipt","income_receipt","57526","INR","INC004803",,,"matched"
"synthetic","generated_for_testing","TXN00399","USR0049","2025-05-05","investment_purchase","investment_acquisition","57663","INR","INCX0049purchase",,,"matched"
"synthetic","generated_for_testing","TXN00400","USR0050","2025-05-06","investment_sale","investment_disposal","57800","INR","INCX0050sale","INV0050",,"review"
"synthetic","generated_for_testing","TXN00401","USR0001","2025-05-07","rent_receipt","income_receipt","57937","INR",,,,"matched"
"synthetic","generated_for_testing","TXN00402","USR0002","2025-05-08","salary_credit","income_receipt","58074","INR","INC000201",,,"matched"
"synthetic","generated_for_testing","TXN00403","USR0003","2025-05-09","bank_interest_credit","income_receipt","58211","INR","INC000302",,,"matched"
"synthetic","generated_for_testing","TXN00404","USR0004","2025-05-10","freelance_receipt","income_receipt","58348","INR",,,,"matched"
"synthetic","generated_for_testing","TXN00405","USR0005","2025-05-11","investment_purchase","investment_acquisition","58485","INR","INCX0005purchase",,,"review"
"synthetic","generated_for_testing","TXN00406","USR0006","2025-05-12","investment_sale","investment_disposal","58622","INR","INCX0006sale","INV0006",,"matched"
"synthetic","generated_for_testing","TXN00407","USR0007","2025-05-13","rent_receipt","income_receipt","58759","INR",,,,"matched"
"synthetic","generated_for_testing","TXN00408","USR0008","2025-05-14","salary_credit","income_receipt","58896","INR","INC000801",,,"matched"
"synthetic","generated_for_testing","TXN00409","USR0009","2025-05-15","bank_interest_credit","income_receipt","59033","INR","INC000902",,,"matched"
"synthetic","generated_for_testing","TXN00410","USR0010","2025-05-16","freelance_receipt","income_receipt","59170","INR",,,,"review"
"synthetic","generated_for_testing","TXN00411","USR0011","2025-05-17","investment_purchase","investment_acquisition","59307","INR","INCX0011purchase",,,"matched"
"synthetic","generated_for_testing","TXN00412","USR0012","2025-05-18","investment_sale","investment_disposal","59444","INR","INCX0012sale","INV0012","CG0012","matched"
"synthetic","generated_for_testing","TXN00413","USR0013","2025-05-19","rent_receipt","income_receipt","59581","INR",,,,"matched"
"synthetic","generated_for_testing","TXN00414","USR0014","2025-05-20","salary_credit","income_receipt","59718","INR","INC001401",,,"matched"
"synthetic","generated_for_testing","TXN00415","USR0015","2025-05-21","bank_interest_credit","income_receipt","59855","INR","INC001502",,,"review"
"synthetic","generated_for_testing","TXN00416","USR0016","2025-05-22","freelance_receipt","income_receipt","59992","INR",,,,"matched"
"synthetic","generated_for_testing","TXN00417","USR0017","2025-05-23","investment_purchase","investment_acquisition","60129","INR","INCX0017purchase",,,"matched"
"synthetic","generated_for_testing","TXN00418","USR0018","2025-05-24","investment_sale","investment_disposal","60266","INR","INCX0018sale","INV0018",,"matched"
"synthetic","generated_for_testing","TXN00419","USR0019","2025-05-25","rent_receipt","income_receipt","60403","INR",,,,"matched"
"synthetic","generated_for_testing","TXN00420","USR0020","2025-05-26","salary_credit","income_receipt","60540","INR","INC002001",,,"review"
"synthetic","generated_for_testing","TXN00421","USR0021","2025-05-27","bank_interest_credit","income_receipt","60677","INR","INC002102",,,"matched"
"synthetic","generated_for_testing","TXN00422","USR0022","2025-05-28","freelance_receipt","income_receipt","60814","INR",,,,"matched"
"synthetic","generated_for_testing","TXN00423","USR0023","2025-05-29","investment_purchase","investment_acquisition","60951","INR","INCX0023purchase",,,"matched"
"synthetic","generated_for_testing","TXN00424","USR0024","2025-05-30","investment_sale","investment_disposal","61088","INR","INCX0024sale","INV0024","CG0024","matched"
"synthetic","generated_for_testing","TXN00425","USR0025","2025-05-31","rent_receipt","income_receipt","61225","INR","INC002503",,,"review"
"synthetic","generated_for_testing","TXN00426","USR0026","2025-06-01","salary_credit","income_receipt","61362","INR","INC002601",,,"matched"
"synthetic","generated_for_testing","TXN00427","USR0027","2025-06-02","bank_interest_credit","income_receipt","61499","INR","INC002702",,,"matched"
"synthetic","generated_for_testing","TXN00428","USR0028","2025-06-03","freelance_receipt","income_receipt","61636","INR",,,,"matched"
"synthetic","generated_for_testing","TXN00429","USR0029","2025-06-04","investment_purchase","investment_acquisition","61773","INR","INCX0029purchase",,,"matched"
"synthetic","generated_for_testing","TXN00430","USR0030","2025-06-05","investment_sale","investment_disposal","61910","INR","INCX0030sale","INV0030",,"review"
"synthetic","generated_for_testing","TXN00431","USR0031","2025-06-06","rent_receipt","income_receipt","62047","INR",,,,"matched"
"synthetic","generated_for_testing","TXN00432","USR0032","2025-06-07","salary_credit","income_receipt","62184","INR","INC003201",,,"matched"
"synthetic","generated_for_testing","TXN00433","USR0033","2025-06-08","bank_interest_credit","income_receipt","62321","INR","INC003302",,,"matched"
"synthetic","generated_for_testing","TXN00434","USR0034","2025-06-09","freelance_receipt","income_receipt","62458","INR",,,,"matched"
"synthetic","generated_for_testing","TXN00435","USR0035","2025-06-10","investment_purchase","investment_acquisition","62595","INR","INCX0035purchase",,,"review"
"synthetic","generated_for_testing","TXN00436","USR0036","2025-06-11","investment_sale","investment_disposal","62732","INR","INCX0036sale","INV0036","CG0036","matched"
"synthetic","generated_for_testing","TXN00437","USR0037","2025-06-12","rent_receipt","income_receipt","62869","INR",,,,"matched"
"synthetic","generated_for_testing","TXN00438","USR0038","2025-06-13","salary_credit","income_receipt","63006","INR","INC003801",,,"matched"
"synthetic","generated_for_testing","TXN00439","USR0039","2025-06-14","bank_interest_credit","income_receipt","63143","INR","INC003902",,,"matched"
"synthetic","generated_for_testing","TXN00440","USR0040","2025-06-15","freelance_receipt","income_receipt","63280","INR",,,,"review"
"synthetic","generated_for_testing","TXN00441","USR0041","2025-06-16","investment_purchase","investment_acquisition","63417","INR","INCX0041purchase",,,"matched"
"synthetic","generated_for_testing","TXN00442","USR0042","2025-06-17","investment_sale","investment_disposal","63554","INR","INCX0042sale","INV0042",,"matched"
"synthetic","generated_for_testing","TXN00443","USR0043","2025-06-18","rent_receipt","income_receipt","63691","INR",,,,"matched"
"synthetic","generated_for_testing","TXN00444","USR0044","2025-06-19","salary_credit","income_receipt","63828","INR","INC004401",,,"matched"
"synthetic","generated_for_testing","TXN00445","USR0045","2025-06-20","bank_interest_credit","income_receipt","63965","INR","INC004502",,,"review"
"synthetic","generated_for_testing","TXN00446","USR0046","2025-06-21","freelance_receipt","income_receipt","64102","INR",,,,"matched"
"synthetic","generated_for_testing","TXN00447","USR0047","2025-06-22","investment_purchase","investment_acquisition","64239","INR","INCX0047purchase",,,"matched"
"synthetic","generated_for_testing","TXN00448","USR0048","2025-06-23","investment_sale","investment_disposal","64376","INR","INCX0048sale","INV0048","CG0048","matched"
"synthetic","generated_for_testing","TXN00449","USR0049","2025-06-24","rent_receipt","income_receipt","64513","INR",,,,"matched"
"synthetic","generated_for_testing","TXN00450","USR0050","2025-06-25","salary_credit","income_receipt","64650","INR","INC005001",,,"review"
"synthetic","generated_for_testing","TXN00451","USR0001","2025-06-26","bank_interest_credit","income_receipt","64787","INR","INC000102",,,"matched"
"synthetic","generated_for_testing","TXN00452","USR0002","2025-06-27","freelance_receipt","income_receipt","64924","INR",,,,"matched"
"synthetic","generated_for_testing","TXN00453","USR0003","2025-06-28","investment_purchase","investment_acquisition","65061","INR","INCX0003purchase",,,"matched"
"synthetic","generated_for_testing","TXN00454","USR0004","2025-06-29","investment_sale","investment_disposal","65198","INR","INCX0004sale","INV0004","CG0004","matched"
"synthetic","generated_for_testing","TXN00455","USR0005","2025-06-30","rent_receipt","income_receipt","65335","INR","INC000503",,,"review"
"synthetic","generated_for_testing","TXN00456","USR0006","2025-07-01","salary_credit","income_receipt","65472","INR","INC000601",,,"matched"
"synthetic","generated_for_testing","TXN00457","USR0007","2025-07-02","bank_interest_credit","income_receipt","65609","INR","INC000702",,,"matched"
"synthetic","generated_for_testing","TXN00458","USR0008","2025-07-03","freelance_receipt","income_receipt","65746","INR",,,,"matched"
"synthetic","generated_for_testing","TXN00459","USR0009","2025-07-04","investment_purchase","investment_acquisition","65883","INR","INCX0009purchase",,,"matched"
"synthetic","generated_for_testing","TXN00460","USR0010","2025-07-05","investment_sale","investment_disposal","66020","INR","INCX0010sale","INV0010",,"review"
"synthetic","generated_for_testing","TXN00461","USR0011","2025-07-06","rent_receipt","income_receipt","66157","INR",,,,"matched"
"synthetic","generated_for_testing","TXN00462","USR0012","2025-07-07","salary_credit","income_receipt","66294","INR","INC001201",,,"matched"
"synthetic","generated_for_testing","TXN00463","USR0013","2025-07-08","bank_interest_credit","income_receipt","66431","INR","INC001302",,,"matched"
"synthetic","generated_for_testing","TXN00464","USR0014","2025-07-09","freelance_receipt","income_receipt","66568","INR",,,,"matched"
"synthetic","generated_for_testing","TXN00465","USR0015","2025-07-10","investment_purchase","investment_acquisition","66705","INR","INCX0015purchase",,,"review"
"synthetic","generated_for_testing","TXN00466","USR0016","2025-07-11","investment_sale","investment_disposal","66842","INR","INCX0016sale","INV0016","CG0016","matched"
"synthetic","generated_for_testing","TXN00467","USR0017","2025-07-12","rent_receipt","income_receipt","66979","INR",,,,"matched"
"synthetic","generated_for_testing","TXN00468","USR0018","2025-07-13","salary_credit","income_receipt","67116","INR","INC001801",,,"matched"
"synthetic","generated_for_testing","TXN00469","USR0019","2025-07-14","bank_interest_credit","income_receipt","67253","INR","INC001902",,,"matched"
"synthetic","generated_for_testing","TXN00470","USR0020","2025-07-15","freelance_receipt","income_receipt","67390","INR",,,,"review"
"synthetic","generated_for_testing","TXN00471","USR0021","2025-07-16","investment_purchase","investment_acquisition","67527","INR","INCX0021purchase",,,"matched"
"synthetic","generated_for_testing","TXN00472","USR0022","2025-07-17","investment_sale","investment_disposal","67664","INR","INCX0022sale","INV0022",,"matched"
"synthetic","generated_for_testing","TXN00473","USR0023","2025-07-18","rent_receipt","income_receipt","67801","INR",,,,"matched"
"synthetic","generated_for_testing","TXN00474","USR0024","2025-07-19","salary_credit","income_receipt","67938","INR","INC002401",,,"matched"
"synthetic","generated_for_testing","TXN00475","USR0025","2025-07-20","bank_interest_credit","income_receipt","68075","INR","INC002502",,,"review"
"synthetic","generated_for_testing","TXN00476","USR0026","2025-07-21","freelance_receipt","income_receipt","68212","INR",,,,"matched"
"synthetic","generated_for_testing","TXN00477","USR0027","2025-07-22","investment_purchase","investment_acquisition","68349","INR","INCX0027purchase",,,"matched"
"synthetic","generated_for_testing","TXN00478","USR0028","2025-07-23","investment_sale","investment_disposal","68486","INR","INCX0028sale","INV0028","CG0028","matched"
"synthetic","generated_for_testing","TXN00479","USR0029","2025-07-24","rent_receipt","income_receipt","68623","INR",,,,"matched"
"synthetic","generated_for_testing","TXN00480","USR0030","2025-07-25","salary_credit","income_receipt","68760","INR","INC003001",,,"review"
"synthetic","generated_for_testing","TXN00481","USR0031","2025-07-26","bank_interest_credit","income_receipt","68897","INR","INC003102",,,"matched"
"synthetic","generated_for_testing","TXN00482","USR0032","2025-07-27","freelance_receipt","income_receipt","69034","INR",,,,"matched"
"synthetic","generated_for_testing","TXN00483","USR0033","2025-07-28","investment_purchase","investment_acquisition","69171","INR","INCX0033purchase",,,"matched"
"synthetic","generated_for_testing","TXN00484","USR0034","2025-07-29","investment_sale","investment_disposal","69308","INR","INCX0034sale","INV0034",,"matched"
"synthetic","generated_for_testing","TXN00485","USR0035","2025-07-30","rent_receipt","income_receipt","69445","INR","INC003503",,,"review"
"synthetic","generated_for_testing","TXN00486","USR0036","2025-07-31","salary_credit","income_receipt","69582","INR","INC003601",,,"matched"
"synthetic","generated_for_testing","TXN00487","USR0037","2025-08-01","bank_interest_credit","income_receipt","69719","INR","INC003702",,,"matched"
"synthetic","generated_for_testing","TXN00488","USR0038","2025-08-02","freelance_receipt","income_receipt","69856","INR",,,,"matched"
"synthetic","generated_for_testing","TXN00489","USR0039","2025-08-03","investment_purchase","investment_acquisition","69993","INR","INCX0039purchase",,,"matched"
"synthetic","generated_for_testing","TXN00490","USR0040","2025-08-04","investment_sale","investment_disposal","70130","INR","INCX0040sale","INV0040","CG0040","review"
"synthetic","generated_for_testing","TXN00491","USR0041","2025-08-05","rent_receipt","income_receipt","70267","INR",,,,"matched"
"synthetic","generated_for_testing","TXN00492","USR0042","2025-08-06","salary_credit","income_receipt","70404","INR","INC004201",,,"matched"
"synthetic","generated_for_testing","TXN00493","USR0043","2025-08-07","bank_interest_credit","income_receipt","70541","INR","INC004302",,,"matched"
"synthetic","generated_for_testing","TXN00494","USR0044","2025-08-08","freelance_receipt","income_receipt","70678","INR",,,,"matched"
"synthetic","generated_for_testing","TXN00495","USR0045","2025-08-09","investment_purchase","investment_acquisition","70815","INR","INCX0045purchase",,,"review"
"synthetic","generated_for_testing","TXN00496","USR0046","2025-08-10","investment_sale","investment_disposal","70952","INR","INCX0046sale","INV0046",,"matched"
"synthetic","generated_for_testing","TXN00497","USR0047","2025-08-11","rent_receipt","income_receipt","71089","INR",,,,"matched"
"synthetic","generated_for_testing","TXN00498","USR0048","2025-08-12","salary_credit","income_receipt","71226","INR","INC004801",,,"matched"
"synthetic","generated_for_testing","TXN00499","USR0049","2025-08-13","bank_interest_credit","income_receipt","71363","INR","INC004902",,,"matched"
"synthetic","generated_for_testing","TXN00500","USR0050","2025-08-14","freelance_receipt","income_receipt","71500","INR",,,,"review"
"synthetic","generated_for_testing","TXN00501","USR0001","2025-08-15","investment_purchase","investment_acquisition","71637","INR","INCX0001purchase",,,"matched"
"synthetic","generated_for_testing","TXN00502","USR0002","2025-08-16","investment_sale","investment_disposal","71774","INR","INCX0002sale","INV0002",,"matched"
"synthetic","generated_for_testing","TXN00503","USR0003","2025-08-17","rent_receipt","income_receipt","71911","INR",,,,"matched"
"synthetic","generated_for_testing","TXN00504","USR0004","2025-08-18","salary_credit","income_receipt","72048","INR","INC000401",,,"matched"
"synthetic","generated_for_testing","TXN00505","USR0005","2025-08-19","bank_interest_credit","income_receipt","72185","INR","INC000502",,,"review"
"synthetic","generated_for_testing","TXN00506","USR0006","2025-08-20","freelance_receipt","income_receipt","72322","INR","INC000603",,,"matched"
"synthetic","generated_for_testing","TXN00507","USR0007","2025-08-21","investment_purchase","investment_acquisition","72459","INR","INCX0007purchase",,,"matched"
"synthetic","generated_for_testing","TXN00508","USR0008","2025-08-22","investment_sale","investment_disposal","72596","INR","INCX0008sale","INV0008","CG0008","matched"
"synthetic","generated_for_testing","TXN00509","USR0009","2025-08-23","rent_receipt","income_receipt","72733","INR",,,,"matched"
"synthetic","generated_for_testing","TXN00510","USR0010","2025-08-24","salary_credit","income_receipt","72870","INR","INC001001",,,"review"
"synthetic","generated_for_testing","TXN00511","USR0011","2025-08-25","bank_interest_credit","income_receipt","73007","INR","INC001102",,,"matched"
"synthetic","generated_for_testing","TXN00512","USR0012","2025-08-26","freelance_receipt","income_receipt","73144","INR","INC001203",,,"matched"
"synthetic","generated_for_testing","TXN00513","USR0013","2025-08-27","investment_purchase","investment_acquisition","73281","INR","INCX0013purchase",,,"matched"
"synthetic","generated_for_testing","TXN00514","USR0014","2025-08-28","investment_sale","investment_disposal","73418","INR","INCX0014sale","INV0014",,"matched"
"synthetic","generated_for_testing","TXN00515","USR0015","2025-08-29","rent_receipt","income_receipt","73555","INR",,,,"review"
"synthetic","generated_for_testing","TXN00516","USR0016","2025-08-30","salary_credit","income_receipt","73692","INR","INC001601",,,"matched"
"synthetic","generated_for_testing","TXN00517","USR0017","2025-08-31","bank_interest_credit","income_receipt","73829","INR","INC001702",,,"matched"
"synthetic","generated_for_testing","TXN00518","USR0018","2025-09-01","freelance_receipt","income_receipt","73966","INR","INC001803",,,"matched"
"synthetic","generated_for_testing","TXN00519","USR0019","2025-09-02","investment_purchase","investment_acquisition","74103","INR","INCX0019purchase",,,"matched"
"synthetic","generated_for_testing","TXN00520","USR0020","2025-09-03","investment_sale","investment_disposal","74240","INR","INCX0020sale","INV0020","CG0020","review"
"synthetic","generated_for_testing","TXN00521","USR0021","2025-09-04","rent_receipt","income_receipt","74377","INR",,,,"matched"
"synthetic","generated_for_testing","TXN00522","USR0022","2025-09-05","salary_credit","income_receipt","74514","INR","INC002201",,,"matched"
"synthetic","generated_for_testing","TXN00523","USR0023","2025-09-06","bank_interest_credit","income_receipt","74651","INR","INC002302",,,"matched"
"synthetic","generated_for_testing","TXN00524","USR0024","2025-09-07","freelance_receipt","income_receipt","74788","INR","INC002403",,,"matched"
"synthetic","generated_for_testing","TXN00525","USR0025","2025-09-08","investment_purchase","investment_acquisition","74925","INR","INCX0025purchase",,,"review"
"synthetic","generated_for_testing","TXN00526","USR0026","2025-09-09","investment_sale","investment_disposal","75062","INR","INCX0026sale","INV0026",,"matched"
"synthetic","generated_for_testing","TXN00527","USR0027","2025-09-10","rent_receipt","income_receipt","75199","INR",,,,"matched"
"synthetic","generated_for_testing","TXN00528","USR0028","2025-09-11","salary_credit","income_receipt","75336","INR","INC002801",,,"matched"
"synthetic","generated_for_testing","TXN00529","USR0029","2025-09-12","bank_interest_credit","income_receipt","75473","INR","INC002902",,,"matched"
"synthetic","generated_for_testing","TXN00530","USR0030","2025-09-13","freelance_receipt","income_receipt","75610","INR","INC003003",,,"review"
"synthetic","generated_for_testing","TXN00531","USR0031","2025-09-14","investment_purchase","investment_acquisition","75747","INR","INCX0031purchase",,,"matched"
"synthetic","generated_for_testing","TXN00532","USR0032","2025-09-15","investment_sale","investment_disposal","75884","INR","INCX0032sale","INV0032","CG0032","matched"
"synthetic","generated_for_testing","TXN00533","USR0033","2025-09-16","rent_receipt","income_receipt","76021","INR",,,,"matched"
"synthetic","generated_for_testing","TXN00534","USR0034","2025-09-17","salary_credit","income_receipt","76158","INR","INC003401",,,"matched"
"synthetic","generated_for_testing","TXN00535","USR0035","2025-09-18","bank_interest_credit","income_receipt","76295","INR","INC003502",,,"review"
"synthetic","generated_for_testing","TXN00536","USR0036","2025-09-19","freelance_receipt","income_receipt","76432","INR","INC003603",,,"matched"
"synthetic","generated_for_testing","TXN00537","USR0037","2025-09-20","investment_purchase","investment_acquisition","76569","INR","INCX0037purchase",,,"matched"
"synthetic","generated_for_testing","TXN00538","USR0038","2025-09-21","investment_sale","investment_disposal","76706","INR","INCX0038sale","INV0038",,"matched"
"synthetic","generated_for_testing","TXN00539","USR0039","2025-09-22","rent_receipt","income_receipt","76843","INR",,,,"matched"
"synthetic","generated_for_testing","TXN00540","USR0040","2025-09-23","salary_credit","income_receipt","76980","INR","INC004001",,,"review"
"synthetic","generated_for_testing","TXN00541","USR0041","2025-09-24","bank_interest_credit","income_receipt","77117","INR","INC004102",,,"matched"
"synthetic","generated_for_testing","TXN00542","USR0042","2025-09-25","freelance_receipt","income_receipt","77254","INR","INC004203",,,"matched"
"synthetic","generated_for_testing","TXN00543","USR0043","2025-09-26","investment_purchase","investment_acquisition","77391","INR","INCX0043purchase",,,"matched"
"synthetic","generated_for_testing","TXN00544","USR0044","2025-09-27","investment_sale","investment_disposal","77528","INR","INCX0044sale","INV0044","CG0044","matched"
"synthetic","generated_for_testing","TXN00545","USR0045","2025-09-28","rent_receipt","income_receipt","77665","INR",,,,"review"
"synthetic","generated_for_testing","TXN00546","USR0046","2025-09-29","salary_credit","income_receipt","77802","INR","INC004601",,,"matched"
"synthetic","generated_for_testing","TXN00547","USR0047","2025-09-30","bank_interest_credit","income_receipt","77939","INR","INC004702",,,"matched"
"synthetic","generated_for_testing","TXN00548","USR0048","2025-10-01","freelance_receipt","income_receipt","78076","INR","INC004803",,,"matched"
"synthetic","generated_for_testing","TXN00549","USR0049","2025-10-02","investment_purchase","investment_acquisition","78213","INR","INCX0049purchase",,,"matched"
"synthetic","generated_for_testing","TXN00550","USR0050","2025-10-03","investment_sale","investment_disposal","78350","INR","INCX0050sale","INV0050",,"review"
"synthetic","generated_for_testing","TXN00551","USR0001","2025-10-04","rent_receipt","income_receipt","78487","INR",,,,"matched"
"synthetic","generated_for_testing","TXN00552","USR0002","2025-10-05","salary_credit","income_receipt","78624","INR","INC000201",,,"matched"
"synthetic","generated_for_testing","TXN00553","USR0003","2025-10-06","bank_interest_credit","income_receipt","78761","INR","INC000302",,,"matched"
"synthetic","generated_for_testing","TXN00554","USR0004","2025-10-07","freelance_receipt","income_receipt","78898","INR",,,,"matched"
"synthetic","generated_for_testing","TXN00555","USR0005","2025-10-08","investment_purchase","investment_acquisition","79035","INR","INCX0005purchase",,,"review"
"synthetic","generated_for_testing","TXN00556","USR0006","2025-10-09","investment_sale","investment_disposal","79172","INR","INCX0006sale","INV0006",,"matched"
"synthetic","generated_for_testing","TXN00557","USR0007","2025-10-10","rent_receipt","income_receipt","79309","INR",,,,"matched"
"synthetic","generated_for_testing","TXN00558","USR0008","2025-10-11","salary_credit","income_receipt","79446","INR","INC000801",,,"matched"
"synthetic","generated_for_testing","TXN00559","USR0009","2025-10-12","bank_interest_credit","income_receipt","79583","INR","INC000902",,,"matched"
"synthetic","generated_for_testing","TXN00560","USR0010","2025-10-13","freelance_receipt","income_receipt","79720","INR",,,,"review"
"synthetic","generated_for_testing","TXN00561","USR0011","2025-10-14","investment_purchase","investment_acquisition","79857","INR","INCX0011purchase",,,"matched"
"synthetic","generated_for_testing","TXN00562","USR0012","2025-10-15","investment_sale","investment_disposal","79994","INR","INCX0012sale","INV0012","CG0012","matched"
"synthetic","generated_for_testing","TXN00563","USR0013","2025-10-16","rent_receipt","income_receipt","80131","INR",,,,"matched"
"synthetic","generated_for_testing","TXN00564","USR0014","2025-10-17","salary_credit","income_receipt","80268","INR","INC001401",,,"matched"
"synthetic","generated_for_testing","TXN00565","USR0015","2025-10-18","bank_interest_credit","income_receipt","80405","INR","INC001502",,,"review"
"synthetic","generated_for_testing","TXN00566","USR0016","2025-10-19","freelance_receipt","income_receipt","80542","INR",,,,"matched"
"synthetic","generated_for_testing","TXN00567","USR0017","2025-10-20","investment_purchase","investment_acquisition","80679","INR","INCX0017purchase",,,"matched"
"synthetic","generated_for_testing","TXN00568","USR0018","2025-10-21","investment_sale","investment_disposal","80816","INR","INCX0018sale","INV0018",,"matched"
"synthetic","generated_for_testing","TXN00569","USR0019","2025-10-22","rent_receipt","income_receipt","80953","INR",,,,"matched"
"synthetic","generated_for_testing","TXN00570","USR0020","2025-10-23","salary_credit","income_receipt","81090","INR","INC002001",,,"review"
"synthetic","generated_for_testing","TXN00571","USR0021","2025-10-24","bank_interest_credit","income_receipt","81227","INR","INC002102",,,"matched"
"synthetic","generated_for_testing","TXN00572","USR0022","2025-10-25","freelance_receipt","income_receipt","81364","INR",,,,"matched"
"synthetic","generated_for_testing","TXN00573","USR0023","2025-10-26","investment_purchase","investment_acquisition","81501","INR","INCX0023purchase",,,"matched"
"synthetic","generated_for_testing","TXN00574","USR0024","2025-10-27","investment_sale","investment_disposal","81638","INR","INCX0024sale","INV0024","CG0024","matched"
"synthetic","generated_for_testing","TXN00575","USR0025","2025-10-28","rent_receipt","income_receipt","81775","INR","INC002503",,,"review"
"synthetic","generated_for_testing","TXN00576","USR0026","2025-10-29","salary_credit","income_receipt","81912","INR","INC002601",,,"matched"
"synthetic","generated_for_testing","TXN00577","USR0027","2025-10-30","bank_interest_credit","income_receipt","82049","INR","INC002702",,,"matched"
"synthetic","generated_for_testing","TXN00578","USR0028","2025-10-31","freelance_receipt","income_receipt","82186","INR",,,,"matched"
"synthetic","generated_for_testing","TXN00579","USR0029","2025-11-01","investment_purchase","investment_acquisition","82323","INR","INCX0029purchase",,,"matched"
"synthetic","generated_for_testing","TXN00580","USR0030","2025-11-02","investment_sale","investment_disposal","82460","INR","INCX0030sale","INV0030",,"review"
"synthetic","generated_for_testing","TXN00581","USR0031","2025-11-03","rent_receipt","income_receipt","82597","INR",,,,"matched"
"synthetic","generated_for_testing","TXN00582","USR0032","2025-11-04","salary_credit","income_receipt","82734","INR","INC003201",,,"matched"
"synthetic","generated_for_testing","TXN00583","USR0033","2025-11-05","bank_interest_credit","income_receipt","82871","INR","INC003302",,,"matched"
"synthetic","generated_for_testing","TXN00584","USR0034","2025-11-06","freelance_receipt","income_receipt","83008","INR",,,,"matched"
"synthetic","generated_for_testing","TXN00585","USR0035","2025-11-07","investment_purchase","investment_acquisition","83145","INR","INCX0035purchase",,,"review"
"synthetic","generated_for_testing","TXN00586","USR0036","2025-11-08","investment_sale","investment_disposal","83282","INR","INCX0036sale","INV0036","CG0036","matched"
"synthetic","generated_for_testing","TXN00587","USR0037","2025-11-09","rent_receipt","income_receipt","83419","INR",,,,"matched"
"synthetic","generated_for_testing","TXN00588","USR0038","2025-11-10","salary_credit","income_receipt","83556","INR","INC003801",,,"matched"
"synthetic","generated_for_testing","TXN00589","USR0039","2025-11-11","bank_interest_credit","income_receipt","83693","INR","INC003902",,,"matched"
"synthetic","generated_for_testing","TXN00590","USR0040","2025-11-12","freelance_receipt","income_receipt","83830","INR",,,,"review"
"synthetic","generated_for_testing","TXN00591","USR0041","2025-11-13","investment_purchase","investment_acquisition","83967","INR","INCX0041purchase",,,"matched"
"synthetic","generated_for_testing","TXN00592","USR0042","2025-11-14","investment_sale","investment_disposal","84104","INR","INCX0042sale","INV0042",,"matched"
"synthetic","generated_for_testing","TXN00593","USR0043","2025-11-15","rent_receipt","income_receipt","84241","INR",,,,"matched"
"synthetic","generated_for_testing","TXN00594","USR0044","2025-11-16","salary_credit","income_receipt","84378","INR","INC004401",,,"matched"
"synthetic","generated_for_testing","TXN00595","USR0045","2025-11-17","bank_interest_credit","income_receipt","84515","INR","INC004502",,,"review"
"synthetic","generated_for_testing","TXN00596","USR0046","2025-11-18","freelance_receipt","income_receipt","84652","INR",,,,"matched"
"synthetic","generated_for_testing","TXN00597","USR0047","2025-11-19","investment_purchase","investment_acquisition","84789","INR","INCX0047purchase",,,"matched"
"synthetic","generated_for_testing","TXN00598","USR0048","2025-11-20","investment_sale","investment_disposal","84926","INR","INCX0048sale","INV0048","CG0048","matched"
"synthetic","generated_for_testing","TXN00599","USR0049","2025-11-21","rent_receipt","income_receipt","85063","INR",,,,"matched"
"synthetic","generated_for_testing","TXN00600","USR0050","2025-11-22","salary_credit","income_receipt","85200","INR","INC005001",,,"review"
"synthetic","generated_for_testing","TXN00601","USR0001","2025-11-23","bank_interest_credit","income_receipt","85337","INR","INC000102",,,"matched"
"synthetic","generated_for_testing","TXN00602","USR0002","2025-11-24","freelance_receipt","income_receipt","85474","INR",,,,"matched"
"synthetic","generated_for_testing","TXN00603","USR0003","2025-11-25","investment_purchase","investment_acquisition","85611","INR","INCX0003purchase",,,"matched"
"synthetic","generated_for_testing","TXN00604","USR0004","2025-11-26","investment_sale","investment_disposal","85748","INR","INCX0004sale","INV0004","CG0004","matched"
"synthetic","generated_for_testing","TXN00605","USR0005","2025-11-27","rent_receipt","income_receipt","85885","INR","INC000503",,,"review"
"synthetic","generated_for_testing","TXN00606","USR0006","2025-11-28","salary_credit","income_receipt","86022","INR","INC000601",,,"matched"
"synthetic","generated_for_testing","TXN00607","USR0007","2025-11-29","bank_interest_credit","income_receipt","86159","INR","INC000702",,,"matched"
"synthetic","generated_for_testing","TXN00608","USR0008","2025-11-30","freelance_receipt","income_receipt","86296","INR",,,,"matched"
"synthetic","generated_for_testing","TXN00609","USR0009","2025-12-01","investment_purchase","investment_acquisition","86433","INR","INCX0009purchase",,,"matched"
"synthetic","generated_for_testing","TXN00610","USR0010","2025-12-02","investment_sale","investment_disposal","86570","INR","INCX0010sale","INV0010",,"review"
"synthetic","generated_for_testing","TXN00611","USR0011","2025-12-03","rent_receipt","income_receipt","86707","INR",,,,"matched"
"synthetic","generated_for_testing","TXN00612","USR0012","2025-12-04","salary_credit","income_receipt","86844","INR","INC001201",,,"matched"
"synthetic","generated_for_testing","TXN00613","USR0013","2025-12-05","bank_interest_credit","income_receipt","86981","INR","INC001302",,,"matched"
"synthetic","generated_for_testing","TXN00614","USR0014","2025-12-06","freelance_receipt","income_receipt","87118","INR",,,,"matched"
"synthetic","generated_for_testing","TXN00615","USR0015","2025-12-07","investment_purchase","investment_acquisition","87255","INR","INCX0015purchase",,,"review"
"synthetic","generated_for_testing","TXN00616","USR0016","2025-12-08","investment_sale","investment_disposal","87392","INR","INCX0016sale","INV0016","CG0016","matched"
"synthetic","generated_for_testing","TXN00617","USR0017","2025-12-09","rent_receipt","income_receipt","87529","INR",,,,"matched"
"synthetic","generated_for_testing","TXN00618","USR0018","2025-12-10","salary_credit","income_receipt","87666","INR","INC001801",,,"matched"
"synthetic","generated_for_testing","TXN00619","USR0019","2025-12-11","bank_interest_credit","income_receipt","87803","INR","INC001902",,,"matched"
"synthetic","generated_for_testing","TXN00620","USR0020","2025-12-12","freelance_receipt","income_receipt","87940","INR",,,,"review"
"synthetic","generated_for_testing","TXN00621","USR0021","2025-12-13","investment_purchase","investment_acquisition","88077","INR","INCX0021purchase",,,"matched"
"synthetic","generated_for_testing","TXN00622","USR0022","2025-12-14","investment_sale","investment_disposal","88214","INR","INCX0022sale","INV0022",,"matched"
"synthetic","generated_for_testing","TXN00623","USR0023","2025-12-15","rent_receipt","income_receipt","88351","INR",,,,"matched"
"synthetic","generated_for_testing","TXN00624","USR0024","2025-12-16","salary_credit","income_receipt","88488","INR","INC002401",,,"matched"
"synthetic","generated_for_testing","TXN00625","USR0025","2025-12-17","bank_interest_credit","income_receipt","88625","INR","INC002502",,,"review"
"synthetic","generated_for_testing","TXN00626","USR0026","2025-12-18","freelance_receipt","income_receipt","88762","INR",,,,"matched"
"synthetic","generated_for_testing","TXN00627","USR0027","2025-12-19","investment_purchase","investment_acquisition","88899","INR","INCX0027purchase",,,"matched"
"synthetic","generated_for_testing","TXN00628","USR0028","2025-12-20","investment_sale","investment_disposal","89036","INR","INCX0028sale","INV0028","CG0028","matched"
"synthetic","generated_for_testing","TXN00629","USR0029","2025-12-21","rent_receipt","income_receipt","89173","INR",,,,"matched"
"synthetic","generated_for_testing","TXN00630","USR0030","2025-12-22","salary_credit","income_receipt","89310","INR","INC003001",,,"review"
"synthetic","generated_for_testing","TXN00631","USR0031","2025-12-23","bank_interest_credit","income_receipt","89447","INR","INC003102",,,"matched"
"synthetic","generated_for_testing","TXN00632","USR0032","2025-12-24","freelance_receipt","income_receipt","89584","INR",,,,"matched"
"synthetic","generated_for_testing","TXN00633","USR0033","2025-12-25","investment_purchase","investment_acquisition","89721","INR","INCX0033purchase",,,"matched"
"synthetic","generated_for_testing","TXN00634","USR0034","2025-12-26","investment_sale","investment_disposal","89858","INR","INCX0034sale","INV0034",,"matched"
"synthetic","generated_for_testing","TXN00635","USR0035","2025-12-27","rent_receipt","income_receipt","89995","INR","INC003503",,,"review"
"synthetic","generated_for_testing","TXN00636","USR0036","2025-12-28","salary_credit","income_receipt","90132","INR","INC003601",,,"matched"
"synthetic","generated_for_testing","TXN00637","USR0037","2025-12-29","bank_interest_credit","income_receipt","90269","INR","INC003702",,,"matched"
"synthetic","generated_for_testing","TXN00638","USR0038","2025-12-30","freelance_receipt","income_receipt","90406","INR",,,,"matched"
"synthetic","generated_for_testing","TXN00639","USR0039","2025-12-31","investment_purchase","investment_acquisition","90543","INR","INCX0039purchase",,,"matched"
"synthetic","generated_for_testing","TXN00640","USR0040","2026-01-01","investment_sale","investment_disposal","90680","INR","INCX0040sale","INV0040","CG0040","review"
"synthetic","generated_for_testing","TXN00641","USR0041","2026-01-02","rent_receipt","income_receipt","90817","INR",,,,"matched"
"synthetic","generated_for_testing","TXN00642","USR0042","2026-01-03","salary_credit","income_receipt","90954","INR","INC004201",,,"matched"
"synthetic","generated_for_testing","TXN00643","USR0043","2026-01-04","bank_interest_credit","income_receipt","91091","INR","INC004302",,,"matched"
"synthetic","generated_for_testing","TXN00644","USR0044","2026-01-05","freelance_receipt","income_receipt","91228","INR",,,,"matched"
"synthetic","generated_for_testing","TXN00645","USR0045","2026-01-06","investment_purchase","investment_acquisition","91365","INR","INCX0045purchase",,,"review"
"synthetic","generated_for_testing","TXN00646","USR0046","2026-01-07","investment_sale","investment_disposal","91502","INR","INCX0046sale","INV0046",,"matched"
"synthetic","generated_for_testing","TXN00647","USR0047","2026-01-08","rent_receipt","income_receipt","91639","INR",,,,"matched"
"synthetic","generated_for_testing","TXN00648","USR0048","2026-01-09","salary_credit","income_receipt","91776","INR","INC004801",,,"matched"
"synthetic","generated_for_testing","TXN00649","USR0049","2026-01-10","bank_interest_credit","income_receipt","91913","INR","INC004902",,,"matched"
"synthetic","generated_for_testing","TXN00650","USR0050","2026-01-11","freelance_receipt","income_receipt","92050","INR",,,,"review"
"synthetic","generated_for_testing","TXN00651","USR0001","2026-01-12","investment_purchase","investment_acquisition","92187","INR","INCX0001purchase",,,"matched"
"synthetic","generated_for_testing","TXN00652","USR0002","2026-01-13","investment_sale","investment_disposal","92324","INR","INCX0002sale","INV0002",,"matched"
"synthetic","generated_for_testing","TXN00653","USR0003","2026-01-14","rent_receipt","income_receipt","92461","INR",,,,"matched"
"synthetic","generated_for_testing","TXN00654","USR0004","2026-01-15","salary_credit","income_receipt","92598","INR","INC000401",,,"matched"
"synthetic","generated_for_testing","TXN00655","USR0005","2026-01-16","bank_interest_credit","income_receipt","92735","INR","INC000502",,,"review"
"synthetic","generated_for_testing","TXN00656","USR0006","2026-01-17","freelance_receipt","income_receipt","92872","INR","INC000603",,,"matched"
"synthetic","generated_for_testing","TXN00657","USR0007","2026-01-18","investment_purchase","investment_acquisition","3009","INR","INCX0007purchase",,,"matched"
"synthetic","generated_for_testing","TXN00658","USR0008","2026-01-19","investment_sale","investment_disposal","3146","INR","INCX0008sale","INV0008","CG0008","matched"
"synthetic","generated_for_testing","TXN00659","USR0009","2026-01-20","rent_receipt","income_receipt","3283","INR",,,,"matched"
"synthetic","generated_for_testing","TXN00660","USR0010","2026-01-21","salary_credit","income_receipt","3420","INR","INC001001",,,"review"
"synthetic","generated_for_testing","TXN00661","USR0011","2026-01-22","bank_interest_credit","income_receipt","3557","INR","INC001102",,,"matched"
"synthetic","generated_for_testing","TXN00662","USR0012","2026-01-23","freelance_receipt","income_receipt","3694","INR","INC001203",,,"matched"
"synthetic","generated_for_testing","TXN00663","USR0013","2026-01-24","investment_purchase","investment_acquisition","3831","INR","INCX0013purchase",,,"matched"
"synthetic","generated_for_testing","TXN00664","USR0014","2026-01-25","investment_sale","investment_disposal","3968","INR","INCX0014sale","INV0014",,"matched"
"synthetic","generated_for_testing","TXN00665","USR0015","2026-01-26","rent_receipt","income_receipt","4105","INR",,,,"review"
"synthetic","generated_for_testing","TXN00666","USR0016","2026-01-27","salary_credit","income_receipt","4242","INR","INC001601",,,"matched"
"synthetic","generated_for_testing","TXN00667","USR0017","2026-01-28","bank_interest_credit","income_receipt","4379","INR","INC001702",,,"matched"
"synthetic","generated_for_testing","TXN00668","USR0018","2026-01-29","freelance_receipt","income_receipt","4516","INR","INC001803",,,"matched"
"synthetic","generated_for_testing","TXN00669","USR0019","2026-01-30","investment_purchase","investment_acquisition","4653","INR","INCX0019purchase",,,"matched"
"synthetic","generated_for_testing","TXN00670","USR0020","2026-01-31","investment_sale","investment_disposal","4790","INR","INCX0020sale","INV0020","CG0020","review"
"synthetic","generated_for_testing","TXN00671","USR0021","2026-02-01","rent_receipt","income_receipt","4927","INR",,,,"matched"
"synthetic","generated_for_testing","TXN00672","USR0022","2026-02-02","salary_credit","income_receipt","5064","INR","INC002201",,,"matched"
"synthetic","generated_for_testing","TXN00673","USR0023","2026-02-03","bank_interest_credit","income_receipt","5201","INR","INC002302",,,"matched"
"synthetic","generated_for_testing","TXN00674","USR0024","2026-02-04","freelance_receipt","income_receipt","5338","INR","INC002403",,,"matched"
"synthetic","generated_for_testing","TXN00675","USR0025","2026-02-05","investment_purchase","investment_acquisition","5475","INR","INCX0025purchase",,,"review"
"synthetic","generated_for_testing","TXN00676","USR0026","2026-02-06","investment_sale","investment_disposal","5612","INR","INCX0026sale","INV0026",,"matched"
"synthetic","generated_for_testing","TXN00677","USR0027","2026-02-07","rent_receipt","income_receipt","5749","INR",,,,"matched"
"synthetic","generated_for_testing","TXN00678","USR0028","2026-02-08","salary_credit","income_receipt","5886","INR","INC002801",,,"matched"
"synthetic","generated_for_testing","TXN00679","USR0029","2026-02-09","bank_interest_credit","income_receipt","6023","INR","INC002902",,,"matched"
"synthetic","generated_for_testing","TXN00680","USR0030","2026-02-10","freelance_receipt","income_receipt","6160","INR","INC003003",,,"review"
"synthetic","generated_for_testing","TXN00681","USR0031","2026-02-11","investment_purchase","investment_acquisition","6297","INR","INCX0031purchase",,,"matched"
"synthetic","generated_for_testing","TXN00682","USR0032","2026-02-12","investment_sale","investment_disposal","6434","INR","INCX0032sale","INV0032","CG0032","matched"
"synthetic","generated_for_testing","TXN00683","USR0033","2026-02-13","rent_receipt","income_receipt","6571","INR",,,,"matched"
"synthetic","generated_for_testing","TXN00684","USR0034","2026-02-14","salary_credit","income_receipt","6708","INR","INC003401",,,"matched"
"synthetic","generated_for_testing","TXN00685","USR0035","2026-02-15","bank_interest_credit","income_receipt","6845","INR","INC003502",,,"review"
"synthetic","generated_for_testing","TXN00686","USR0036","2026-02-16","freelance_receipt","income_receipt","6982","INR","INC003603",,,"matched"
"synthetic","generated_for_testing","TXN00687","USR0037","2026-02-17","investment_purchase","investment_acquisition","7119","INR","INCX0037purchase",,,"matched"
"synthetic","generated_for_testing","TXN00688","USR0038","2026-02-18","investment_sale","investment_disposal","7256","INR","INCX0038sale","INV0038",,"matched"
"synthetic","generated_for_testing","TXN00689","USR0039","2026-02-19","rent_receipt","income_receipt","7393","INR",,,,"matched"
"synthetic","generated_for_testing","TXN00690","USR0040","2026-02-20","salary_credit","income_receipt","7530","INR","INC004001",,,"review"
"synthetic","generated_for_testing","TXN00691","USR0041","2026-02-21","bank_interest_credit","income_receipt","7667","INR","INC004102",,,"matched"
"synthetic","generated_for_testing","TXN00692","USR0042","2026-02-22","freelance_receipt","income_receipt","7804","INR","INC004203",,,"matched"
"synthetic","generated_for_testing","TXN00693","USR0043","2026-02-23","investment_purchase","investment_acquisition","7941","INR","INCX0043purchase",,,"matched"
"synthetic","generated_for_testing","TXN00694","USR0044","2026-02-24","investment_sale","investment_disposal","8078","INR","INCX0044sale","INV0044","CG0044","matched"
"synthetic","generated_for_testing","TXN00695","USR0045","2026-02-25","rent_receipt","income_receipt","8215","INR",,,,"review"
"synthetic","generated_for_testing","TXN00696","USR0046","2026-02-26","salary_credit","income_receipt","8352","INR","INC004601",,,"matched"
"synthetic","generated_for_testing","TXN00697","USR0047","2026-02-27","bank_interest_credit","income_receipt","8489","INR","INC004702",,,"matched"
"synthetic","generated_for_testing","TXN00698","USR0048","2026-02-28","freelance_receipt","income_receipt","8626","INR","INC004803",,,"matched"
"synthetic","generated_for_testing","TXN00699","USR0049","2026-03-01","investment_purchase","investment_acquisition","8763","INR","INCX0049purchase",,,"matched"
"synthetic","generated_for_testing","TXN00700","USR0050","2026-03-02","investment_sale","investment_disposal","8900","INR","INCX0050sale","INV0050",,"review"
"synthetic","generated_for_testing","TXN00701","USR0001","2026-03-03","rent_receipt","income_receipt","9037","INR",,,,"matched"
"synthetic","generated_for_testing","TXN00702","USR0002","2026-03-04","salary_credit","income_receipt","9174","INR","INC000201",,,"matched"
"synthetic","generated_for_testing","TXN00703","USR0003","2026-03-05","bank_interest_credit","income_receipt","9311","INR","INC000302",,,"matched"
"synthetic","generated_for_testing","TXN00704","USR0004","2026-03-06","freelance_receipt","income_receipt","9448","INR",,,,"matched"
"synthetic","generated_for_testing","TXN00705","USR0005","2026-03-07","investment_purchase","investment_acquisition","9585","INR","INCX0005purchase",,,"review"
"synthetic","generated_for_testing","TXN00706","USR0006","2026-03-08","investment_sale","investment_disposal","9722","INR","INCX0006sale","INV0006",,"matched"
"synthetic","generated_for_testing","TXN00707","USR0007","2026-03-09","rent_receipt","income_receipt","9859","INR",,,,"matched"
"synthetic","generated_for_testing","TXN00708","USR0008","2026-03-10","salary_credit","income_receipt","9996","INR","INC000801",,,"matched"
"synthetic","generated_for_testing","TXN00709","USR0009","2026-03-11","bank_interest_credit","income_receipt","10133","INR","INC000902",,,"matched"
"synthetic","generated_for_testing","TXN00710","USR0010","2026-03-12","freelance_receipt","income_receipt","10270","INR",,,,"review"
"synthetic","generated_for_testing","TXN00711","USR0011","2026-03-13","investment_purchase","investment_acquisition","10407","INR","INCX0011purchase",,,"matched"
"synthetic","generated_for_testing","TXN00712","USR0012","2026-03-14","investment_sale","investment_disposal","10544","INR","INCX0012sale","INV0012","CG0012","matched"
"synthetic","generated_for_testing","TXN00713","USR0013","2026-03-15","rent_receipt","income_receipt","10681","INR",,,,"matched"
"synthetic","generated_for_testing","TXN00714","USR0014","2026-03-16","salary_credit","income_receipt","10818","INR","INC001401",,,"matched"
"synthetic","generated_for_testing","TXN00715","USR0015","2026-03-17","bank_interest_credit","income_receipt","10955","INR","INC001502",,,"review"
"synthetic","generated_for_testing","TXN00716","USR0016","2026-03-18","freelance_receipt","income_receipt","11092","INR",,,,"matched"
"synthetic","generated_for_testing","TXN00717","USR0017","2026-03-19","investment_purchase","investment_acquisition","11229","INR","INCX0017purchase",,,"matched"
"synthetic","generated_for_testing","TXN00718","USR0018","2026-03-20","investment_sale","investment_disposal","11366","INR","INCX0018sale","INV0018",,"matched"
"synthetic","generated_for_testing","TXN00719","USR0019","2026-03-21","rent_receipt","income_receipt","11503","INR",,,,"matched"
"synthetic","generated_for_testing","TXN00720","USR0020","2026-03-22","salary_credit","income_receipt","11640","INR","INC002001",,,"review"
"synthetic","generated_for_testing","TXN00721","USR0021","2026-03-23","bank_interest_credit","income_receipt","11777","INR","INC002102",,,"matched"
"synthetic","generated_for_testing","TXN00722","USR0022","2026-03-24","freelance_receipt","income_receipt","11914","INR",,,,"matched"
"synthetic","generated_for_testing","TXN00723","USR0023","2026-03-25","investment_purchase","investment_acquisition","12051","INR","INCX0023purchase",,,"matched"
"synthetic","generated_for_testing","TXN00724","USR0024","2026-03-26","investment_sale","investment_disposal","12188","INR","INCX0024sale","INV0024","CG0024","matched"
"synthetic","generated_for_testing","TXN00725","USR0025","2026-03-27","rent_receipt","income_receipt","12325","INR","INC002503",,,"review"
"synthetic","generated_for_testing","TXN00726","USR0026","2026-03-28","salary_credit","income_receipt","12462","INR","INC002601",,,"matched"
"synthetic","generated_for_testing","TXN00727","USR0027","2026-03-29","bank_interest_credit","income_receipt","12599","INR","INC002702",,,"matched"
"synthetic","generated_for_testing","TXN00728","USR0028","2026-03-30","freelance_receipt","income_receipt","12736","INR",,,,"matched"
"synthetic","generated_for_testing","TXN00729","USR0029","2026-03-31","investment_purchase","investment_acquisition","12873","INR","INCX0029purchase",,,"matched"
"synthetic","generated_for_testing","TXN00730","USR0030","2025-04-01","investment_sale","investment_disposal","13010","INR","INCX0030sale","INV0030",,"review"
"synthetic","generated_for_testing","TXN00731","USR0031","2025-04-02","rent_receipt","income_receipt","13147","INR",,,,"matched"
"synthetic","generated_for_testing","TXN00732","USR0032","2025-04-03","salary_credit","income_receipt","13284","INR","INC003201",,,"matched"
"synthetic","generated_for_testing","TXN00733","USR0033","2025-04-04","bank_interest_credit","income_receipt","13421","INR","INC003302",,,"matched"
"synthetic","generated_for_testing","TXN00734","USR0034","2025-04-05","freelance_receipt","income_receipt","13558","INR",,,,"matched"
"synthetic","generated_for_testing","TXN00735","USR0035","2025-04-06","investment_purchase","investment_acquisition","13695","INR","INCX0035purchase",,,"review"
"synthetic","generated_for_testing","TXN00736","USR0036","2025-04-07","investment_sale","investment_disposal","13832","INR","INCX0036sale","INV0036","CG0036","matched"
"synthetic","generated_for_testing","TXN00737","USR0037","2025-04-08","rent_receipt","income_receipt","13969","INR",,,,"matched"
"synthetic","generated_for_testing","TXN00738","USR0038","2025-04-09","salary_credit","income_receipt","14106","INR","INC003801",,,"matched"
"synthetic","generated_for_testing","TXN00739","USR0039","2025-04-10","bank_interest_credit","income_receipt","14243","INR","INC003902",,,"matched"
"synthetic","generated_for_testing","TXN00740","USR0040","2025-04-11","freelance_receipt","income_receipt","14380","INR",,,,"review"
"synthetic","generated_for_testing","TXN00741","USR0041","2025-04-12","investment_purchase","investment_acquisition","14517","INR","INCX0041purchase",,,"matched"
"synthetic","generated_for_testing","TXN00742","USR0042","2025-04-13","investment_sale","investment_disposal","14654","INR","INCX0042sale","INV0042",,"matched"
"synthetic","generated_for_testing","TXN00743","USR0043","2025-04-14","rent_receipt","income_receipt","14791","INR",,,,"matched"
"synthetic","generated_for_testing","TXN00744","USR0044","2025-04-15","salary_credit","income_receipt","14928","INR","INC004401",,,"matched"
"synthetic","generated_for_testing","TXN00745","USR0045","2025-04-16","bank_interest_credit","income_receipt","15065","INR","INC004502",,,"review"
"synthetic","generated_for_testing","TXN00746","USR0046","2025-04-17","freelance_receipt","income_receipt","15202","INR",,,,"matched"
"synthetic","generated_for_testing","TXN00747","USR0047","2025-04-18","investment_purchase","investment_acquisition","15339","INR","INCX0047purchase",,,"matched"
"synthetic","generated_for_testing","TXN00748","USR0048","2025-04-19","investment_sale","investment_disposal","15476","INR","INCX0048sale","INV0048","CG0048","matched"
"synthetic","generated_for_testing","TXN00749","USR0049","2025-04-20","rent_receipt","income_receipt","15613","INR",,,,"matched"
"synthetic","generated_for_testing","TXN00750","USR0050","2025-04-21","salary_credit","income_receipt","15750","INR","INC005001",,,"review"
"synthetic","generated_for_testing","TXN00751","USR0001","2025-04-22","bank_interest_credit","income_receipt","15887","INR","INC000102",,,"matched"
"synthetic","generated_for_testing","TXN00752","USR0002","2025-04-23","freelance_receipt","income_receipt","16024","INR",,,,"matched"
"synthetic","generated_for_testing","TXN00753","USR0003","2025-04-24","investment_purchase","investment_acquisition","16161","INR","INCX0003purchase",,,"matched"
"synthetic","generated_for_testing","TXN00754","USR0004","2025-04-25","investment_sale","investment_disposal","16298","INR","INCX0004sale","INV0004","CG0004","matched"
"synthetic","generated_for_testing","TXN00755","USR0005","2025-04-26","rent_receipt","income_receipt","16435","INR","INC000503",,,"review"
"synthetic","generated_for_testing","TXN00756","USR0006","2025-04-27","salary_credit","income_receipt","16572","INR","INC000601",,,"matched"
"synthetic","generated_for_testing","TXN00757","USR0007","2025-04-28","bank_interest_credit","income_receipt","16709","INR","INC000702",,,"matched"
"synthetic","generated_for_testing","TXN00758","USR0008","2025-04-29","freelance_receipt","income_receipt","16846","INR",,,,"matched"
"synthetic","generated_for_testing","TXN00759","USR0009","2025-04-30","investment_purchase","investment_acquisition","16983","INR","INCX0009purchase",,,"matched"
"synthetic","generated_for_testing","TXN00760","USR0010","2025-05-01","investment_sale","investment_disposal","17120","INR","INCX0010sale","INV0010",,"review"
"synthetic","generated_for_testing","TXN00761","USR0011","2025-05-02","rent_receipt","income_receipt","17257","INR",,,,"matched"
"synthetic","generated_for_testing","TXN00762","USR0012","2025-05-03","salary_credit","income_receipt","17394","INR","INC001201",,,"matched"
"synthetic","generated_for_testing","TXN00763","USR0013","2025-05-04","bank_interest_credit","income_receipt","17531","INR","INC001302",,,"matched"
"synthetic","generated_for_testing","TXN00764","USR0014","2025-05-05","freelance_receipt","income_receipt","17668","INR",,,,"matched"
"synthetic","generated_for_testing","TXN00765","USR0015","2025-05-06","investment_purchase","investment_acquisition","17805","INR","INCX0015purchase",,,"review"
"synthetic","generated_for_testing","TXN00766","USR0016","2025-05-07","investment_sale","investment_disposal","17942","INR","INCX0016sale","INV0016","CG0016","matched"
"synthetic","generated_for_testing","TXN00767","USR0017","2025-05-08","rent_receipt","income_receipt","18079","INR",,,,"matched"
"synthetic","generated_for_testing","TXN00768","USR0018","2025-05-09","salary_credit","income_receipt","18216","INR","INC001801",,,"matched"
"synthetic","generated_for_testing","TXN00769","USR0019","2025-05-10","bank_interest_credit","income_receipt","18353","INR","INC001902",,,"matched"
"synthetic","generated_for_testing","TXN00770","USR0020","2025-05-11","freelance_receipt","income_receipt","18490","INR",,,,"review"
"synthetic","generated_for_testing","TXN00771","USR0021","2025-05-12","investment_purchase","investment_acquisition","18627","INR","INCX0021purchase",,,"matched"
"synthetic","generated_for_testing","TXN00772","USR0022","2025-05-13","investment_sale","investment_disposal","18764","INR","INCX0022sale","INV0022",,"matched"
"synthetic","generated_for_testing","TXN00773","USR0023","2025-05-14","rent_receipt","income_receipt","18901","INR",,,,"matched"
"synthetic","generated_for_testing","TXN00774","USR0024","2025-05-15","salary_credit","income_receipt","19038","INR","INC002401",,,"matched"
"synthetic","generated_for_testing","TXN00775","USR0025","2025-05-16","bank_interest_credit","income_receipt","19175","INR","INC002502",,,"review"
"synthetic","generated_for_testing","TXN00776","USR0026","2025-05-17","freelance_receipt","income_receipt","19312","INR",,,,"matched"
"synthetic","generated_for_testing","TXN00777","USR0027","2025-05-18","investment_purchase","investment_acquisition","19449","INR","INCX0027purchase",,,"matched"
"synthetic","generated_for_testing","TXN00778","USR0028","2025-05-19","investment_sale","investment_disposal","19586","INR","INCX0028sale","INV0028","CG0028","matched"
"synthetic","generated_for_testing","TXN00779","USR0029","2025-05-20","rent_receipt","income_receipt","19723","INR",,,,"matched"
"synthetic","generated_for_testing","TXN00780","USR0030","2025-05-21","salary_credit","income_receipt","19860","INR","INC003001",,,"review"
"synthetic","generated_for_testing","TXN00781","USR0031","2025-05-22","bank_interest_credit","income_receipt","19997","INR","INC003102",,,"matched"
"synthetic","generated_for_testing","TXN00782","USR0032","2025-05-23","freelance_receipt","income_receipt","20134","INR",,,,"matched"
"synthetic","generated_for_testing","TXN00783","USR0033","2025-05-24","investment_purchase","investment_acquisition","20271","INR","INCX0033purchase",,,"matched"
"synthetic","generated_for_testing","TXN00784","USR0034","2025-05-25","investment_sale","investment_disposal","20408","INR","INCX0034sale","INV0034",,"matched"
"synthetic","generated_for_testing","TXN00785","USR0035","2025-05-26","rent_receipt","income_receipt","20545","INR","INC003503",,,"review"
"synthetic","generated_for_testing","TXN00786","USR0036","2025-05-27","salary_credit","income_receipt","20682","INR","INC003601",,,"matched"
"synthetic","generated_for_testing","TXN00787","USR0037","2025-05-28","bank_interest_credit","income_receipt","20819","INR","INC003702",,,"matched"
"synthetic","generated_for_testing","TXN00788","USR0038","2025-05-29","freelance_receipt","income_receipt","20956","INR",,,,"matched"
"synthetic","generated_for_testing","TXN00789","USR0039","2025-05-30","investment_purchase","investment_acquisition","21093","INR","INCX0039purchase",,,"matched"
"synthetic","generated_for_testing","TXN00790","USR0040","2025-05-31","investment_sale","investment_disposal","21230","INR","INCX0040sale","INV0040","CG0040","review"
"synthetic","generated_for_testing","TXN00791","USR0041","2025-06-01","rent_receipt","income_receipt","21367","INR",,,,"matched"
"synthetic","generated_for_testing","TXN00792","USR0042","2025-06-02","salary_credit","income_receipt","21504","INR","INC004201",,,"matched"
"synthetic","generated_for_testing","TXN00793","USR0043","2025-06-03","bank_interest_credit","income_receipt","21641","INR","INC004302",,,"matched"
"synthetic","generated_for_testing","TXN00794","USR0044","2025-06-04","freelance_receipt","income_receipt","21778","INR",,,,"matched"
"synthetic","generated_for_testing","TXN00795","USR0045","2025-06-05","investment_purchase","investment_acquisition","21915","INR","INCX0045purchase",,,"review"
"synthetic","generated_for_testing","TXN00796","USR0046","2025-06-06","investment_sale","investment_disposal","22052","INR","INCX0046sale","INV0046",,"matched"
"synthetic","generated_for_testing","TXN00797","USR0047","2025-06-07","rent_receipt","income_receipt","22189","INR",,,,"matched"
"synthetic","generated_for_testing","TXN00798","USR0048","2025-06-08","salary_credit","income_receipt","22326","INR","INC004801",,,"matched"
"synthetic","generated_for_testing","TXN00799","USR0049","2025-06-09","bank_interest_credit","income_receipt","22463","INR","INC004902",,,"matched"
"synthetic","generated_for_testing","TXN00800","USR0050","2025-06-10","freelance_receipt","income_receipt","22600","INR",,,,"review"
"synthetic","generated_for_testing","TXN00801","USR0001","2025-06-11","investment_purchase","investment_acquisition","22737","INR","INCX0001purchase",,,"matched"
"synthetic","generated_for_testing","TXN00802","USR0002","2025-06-12","investment_sale","investment_disposal","22874","INR","INCX0002sale","INV0002",,"matched"
"synthetic","generated_for_testing","TXN00803","USR0003","2025-06-13","rent_receipt","income_receipt","23011","INR",,,,"matched"
"synthetic","generated_for_testing","TXN00804","USR0004","2025-06-14","salary_credit","income_receipt","23148","INR","INC000401",,,"matched"
"synthetic","generated_for_testing","TXN00805","USR0005","2025-06-15","bank_interest_credit","income_receipt","23285","INR","INC000502",,,"review"
"synthetic","generated_for_testing","TXN00806","USR0006","2025-06-16","freelance_receipt","income_receipt","23422","INR","INC000603",,,"matched"
"synthetic","generated_for_testing","TXN00807","USR0007","2025-06-17","investment_purchase","investment_acquisition","23559","INR","INCX0007purchase",,,"matched"
"synthetic","generated_for_testing","TXN00808","USR0008","2025-06-18","investment_sale","investment_disposal","23696","INR","INCX0008sale","INV0008","CG0008","matched"
"synthetic","generated_for_testing","TXN00809","USR0009","2025-06-19","rent_receipt","income_receipt","23833","INR",,,,"matched"
"synthetic","generated_for_testing","TXN00810","USR0010","2025-06-20","salary_credit","income_receipt","23970","INR","INC001001",,,"review"
"synthetic","generated_for_testing","TXN00811","USR0011","2025-06-21","bank_interest_credit","income_receipt","24107","INR","INC001102",,,"matched"
"synthetic","generated_for_testing","TXN00812","USR0012","2025-06-22","freelance_receipt","income_receipt","24244","INR","INC001203",,,"matched"
"synthetic","generated_for_testing","TXN00813","USR0013","2025-06-23","investment_purchase","investment_acquisition","24381","INR","INCX0013purchase",,,"matched"
"synthetic","generated_for_testing","TXN00814","USR0014","2025-06-24","investment_sale","investment_disposal","24518","INR","INCX0014sale","INV0014",,"matched"
"synthetic","generated_for_testing","TXN00815","USR0015","2025-06-25","rent_receipt","income_receipt","24655","INR",,,,"review"
"synthetic","generated_for_testing","TXN00816","USR0016","2025-06-26","salary_credit","income_receipt","24792","INR","INC001601",,,"matched"
"synthetic","generated_for_testing","TXN00817","USR0017","2025-06-27","bank_interest_credit","income_receipt","24929","INR","INC001702",,,"matched"
"synthetic","generated_for_testing","TXN00818","USR0018","2025-06-28","freelance_receipt","income_receipt","25066","INR","INC001803",,,"matched"
"synthetic","generated_for_testing","TXN00819","USR0019","2025-06-29","investment_purchase","investment_acquisition","25203","INR","INCX0019purchase",,,"matched"
"synthetic","generated_for_testing","TXN00820","USR0020","2025-06-30","investment_sale","investment_disposal","25340","INR","INCX0020sale","INV0020","CG0020","review"
"synthetic","generated_for_testing","TXN00821","USR0021","2025-07-01","rent_receipt","income_receipt","25477","INR",,,,"matched"
"synthetic","generated_for_testing","TXN00822","USR0022","2025-07-02","salary_credit","income_receipt","25614","INR","INC002201",,,"matched"
"synthetic","generated_for_testing","TXN00823","USR0023","2025-07-03","bank_interest_credit","income_receipt","25751","INR","INC002302",,,"matched"
"synthetic","generated_for_testing","TXN00824","USR0024","2025-07-04","freelance_receipt","income_receipt","25888","INR","INC002403",,,"matched"
"synthetic","generated_for_testing","TXN00825","USR0025","2025-07-05","investment_purchase","investment_acquisition","26025","INR","INCX0025purchase",,,"review"
"synthetic","generated_for_testing","TXN00826","USR0026","2025-07-06","investment_sale","investment_disposal","26162","INR","INCX0026sale","INV0026",,"matched"
"synthetic","generated_for_testing","TXN00827","USR0027","2025-07-07","rent_receipt","income_receipt","26299","INR",,,,"matched"
"synthetic","generated_for_testing","TXN00828","USR0028","2025-07-08","salary_credit","income_receipt","26436","INR","INC002801",,,"matched"
"synthetic","generated_for_testing","TXN00829","USR0029","2025-07-09","bank_interest_credit","income_receipt","26573","INR","INC002902",,,"matched"
"synthetic","generated_for_testing","TXN00830","USR0030","2025-07-10","freelance_receipt","income_receipt","26710","INR","INC003003",,,"review"
"synthetic","generated_for_testing","TXN00831","USR0031","2025-07-11","investment_purchase","investment_acquisition","26847","INR","INCX0031purchase",,,"matched"
"synthetic","generated_for_testing","TXN00832","USR0032","2025-07-12","investment_sale","investment_disposal","26984","INR","INCX0032sale","INV0032","CG0032","matched"
"synthetic","generated_for_testing","TXN00833","USR0033","2025-07-13","rent_receipt","income_receipt","27121","INR",,,,"matched"
"synthetic","generated_for_testing","TXN00834","USR0034","2025-07-14","salary_credit","income_receipt","27258","INR","INC003401",,,"matched"
"synthetic","generated_for_testing","TXN00835","USR0035","2025-07-15","bank_interest_credit","income_receipt","27395","INR","INC003502",,,"review"
"synthetic","generated_for_testing","TXN00836","USR0036","2025-07-16","freelance_receipt","income_receipt","27532","INR","INC003603",,,"matched"
"synthetic","generated_for_testing","TXN00837","USR0037","2025-07-17","investment_purchase","investment_acquisition","27669","INR","INCX0037purchase",,,"matched"
"synthetic","generated_for_testing","TXN00838","USR0038","2025-07-18","investment_sale","investment_disposal","27806","INR","INCX0038sale","INV0038",,"matched"
"synthetic","generated_for_testing","TXN00839","USR0039","2025-07-19","rent_receipt","income_receipt","27943","INR",,,,"matched"
"synthetic","generated_for_testing","TXN00840","USR0040","2025-07-20","salary_credit","income_receipt","28080","INR","INC004001",,,"review"
"synthetic","generated_for_testing","TXN00841","USR0041","2025-07-21","bank_interest_credit","income_receipt","28217","INR","INC004102",,,"matched"
"synthetic","generated_for_testing","TXN00842","USR0042","2025-07-22","freelance_receipt","income_receipt","28354","INR","INC004203",,,"matched"
"synthetic","generated_for_testing","TXN00843","USR0043","2025-07-23","investment_purchase","investment_acquisition","28491","INR","INCX0043purchase",,,"matched"
"synthetic","generated_for_testing","TXN00844","USR0044","2025-07-24","investment_sale","investment_disposal","28628","INR","INCX0044sale","INV0044","CG0044","matched"
"synthetic","generated_for_testing","TXN00845","USR0045","2025-07-25","rent_receipt","income_receipt","28765","INR",,,,"review"
"synthetic","generated_for_testing","TXN00846","USR0046","2025-07-26","salary_credit","income_receipt","28902","INR","INC004601",,,"matched"
"synthetic","generated_for_testing","TXN00847","USR0047","2025-07-27","bank_interest_credit","income_receipt","29039","INR","INC004702",,,"matched"
"synthetic","generated_for_testing","TXN00848","USR0048","2025-07-28","freelance_receipt","income_receipt","29176","INR","INC004803",,,"matched"
"synthetic","generated_for_testing","TXN00849","USR0049","2025-07-29","investment_purchase","investment_acquisition","29313","INR","INCX0049purchase",,,"matched"
"synthetic","generated_for_testing","TXN00850","USR0050","2025-07-30","investment_sale","investment_disposal","29450","INR","INCX0050sale","INV0050",,"review"
"synthetic","generated_for_testing","TXN00851","USR0001","2025-07-31","rent_receipt","income_receipt","29587","INR",,,,"matched"
"synthetic","generated_for_testing","TXN00852","USR0002","2025-08-01","salary_credit","income_receipt","29724","INR","INC000201",,,"matched"
"synthetic","generated_for_testing","TXN00853","USR0003","2025-08-02","bank_interest_credit","income_receipt","29861","INR","INC000302",,,"matched"
"synthetic","generated_for_testing","TXN00854","USR0004","2025-08-03","freelance_receipt","income_receipt","29998","INR",,,,"matched"
"synthetic","generated_for_testing","TXN00855","USR0005","2025-08-04","investment_purchase","investment_acquisition","30135","INR","INCX0005purchase",,,"review"
"synthetic","generated_for_testing","TXN00856","USR0006","2025-08-05","investment_sale","investment_disposal","30272","INR","INCX0006sale","INV0006",,"matched"
"synthetic","generated_for_testing","TXN00857","USR0007","2025-08-06","rent_receipt","income_receipt","30409","INR",,,,"matched"
"synthetic","generated_for_testing","TXN00858","USR0008","2025-08-07","salary_credit","income_receipt","30546","INR","INC000801",,,"matched"
"synthetic","generated_for_testing","TXN00859","USR0009","2025-08-08","bank_interest_credit","income_receipt","30683","INR","INC000902",,,"matched"
"synthetic","generated_for_testing","TXN00860","USR0010","2025-08-09","freelance_receipt","income_receipt","30820","INR",,,,"review"
"synthetic","generated_for_testing","TXN00861","USR0011","2025-08-10","investment_purchase","investment_acquisition","30957","INR","INCX0011purchase",,,"matched"
"synthetic","generated_for_testing","TXN00862","USR0012","2025-08-11","investment_sale","investment_disposal","31094","INR","INCX0012sale","INV0012","CG0012","matched"
"synthetic","generated_for_testing","TXN00863","USR0013","2025-08-12","rent_receipt","income_receipt","31231","INR",,,,"matched"
"synthetic","generated_for_testing","TXN00864","USR0014","2025-08-13","salary_credit","income_receipt","31368","INR","INC001401",,,"matched"
"synthetic","generated_for_testing","TXN00865","USR0015","2025-08-14","bank_interest_credit","income_receipt","31505","INR","INC001502",,,"review"
"synthetic","generated_for_testing","TXN00866","USR0016","2025-08-15","freelance_receipt","income_receipt","31642","INR",,,,"matched"
"synthetic","generated_for_testing","TXN00867","USR0017","2025-08-16","investment_purchase","investment_acquisition","31779","INR","INCX0017purchase",,,"matched"
"synthetic","generated_for_testing","TXN00868","USR0018","2025-08-17","investment_sale","investment_disposal","31916","INR","INCX0018sale","INV0018",,"matched"
"synthetic","generated_for_testing","TXN00869","USR0019","2025-08-18","rent_receipt","income_receipt","32053","INR",,,,"matched"
"synthetic","generated_for_testing","TXN00870","USR0020","2025-08-19","salary_credit","income_receipt","32190","INR","INC002001",,,"review"
"synthetic","generated_for_testing","TXN00871","USR0021","2025-08-20","bank_interest_credit","income_receipt","32327","INR","INC002102",,,"matched"
"synthetic","generated_for_testing","TXN00872","USR0022","2025-08-21","freelance_receipt","income_receipt","32464","INR",,,,"matched"
"synthetic","generated_for_testing","TXN00873","USR0023","2025-08-22","investment_purchase","investment_acquisition","32601","INR","INCX0023purchase",,,"matched"
"synthetic","generated_for_testing","TXN00874","USR0024","2025-08-23","investment_sale","investment_disposal","32738","INR","INCX0024sale","INV0024","CG0024","matched"
"synthetic","generated_for_testing","TXN00875","USR0025","2025-08-24","rent_receipt","income_receipt","32875","INR","INC002503",,,"review"
"synthetic","generated_for_testing","TXN00876","USR0026","2025-08-25","salary_credit","income_receipt","33012","INR","INC002601",,,"matched"
"synthetic","generated_for_testing","TXN00877","USR0027","2025-08-26","bank_interest_credit","income_receipt","33149","INR","INC002702",,,"matched"
"synthetic","generated_for_testing","TXN00878","USR0028","2025-08-27","freelance_receipt","income_receipt","33286","INR",,,,"matched"
"synthetic","generated_for_testing","TXN00879","USR0029","2025-08-28","investment_purchase","investment_acquisition","33423","INR","INCX0029purchase",,,"matched"
"synthetic","generated_for_testing","TXN00880","USR0030","2025-08-29","investment_sale","investment_disposal","33560","INR","INCX0030sale","INV0030",,"review"
"synthetic","generated_for_testing","TXN00881","USR0031","2025-08-30","rent_receipt","income_receipt","33697","INR",,,,"matched"
"synthetic","generated_for_testing","TXN00882","USR0032","2025-08-31","salary_credit","income_receipt","33834","INR","INC003201",,,"matched"
"synthetic","generated_for_testing","TXN00883","USR0033","2025-09-01","bank_interest_credit","income_receipt","33971","INR","INC003302",,,"matched"
"synthetic","generated_for_testing","TXN00884","USR0034","2025-09-02","freelance_receipt","income_receipt","34108","INR",,,,"matched"
"synthetic","generated_for_testing","TXN00885","USR0035","2025-09-03","investment_purchase","investment_acquisition","34245","INR","INCX0035purchase",,,"review"
"synthetic","generated_for_testing","TXN00886","USR0036","2025-09-04","investment_sale","investment_disposal","34382","INR","INCX0036sale","INV0036","CG0036","matched"
"synthetic","generated_for_testing","TXN00887","USR0037","2025-09-05","rent_receipt","income_receipt","34519","INR",,,,"matched"
"synthetic","generated_for_testing","TXN00888","USR0038","2025-09-06","salary_credit","income_receipt","34656","INR","INC003801",,,"matched"
"synthetic","generated_for_testing","TXN00889","USR0039","2025-09-07","bank_interest_credit","income_receipt","34793","INR","INC003902",,,"matched"
"synthetic","generated_for_testing","TXN00890","USR0040","2025-09-08","freelance_receipt","income_receipt","34930","INR",,,,"review"
"synthetic","generated_for_testing","TXN00891","USR0041","2025-09-09","investment_purchase","investment_acquisition","35067","INR","INCX0041purchase",,,"matched"
"synthetic","generated_for_testing","TXN00892","USR0042","2025-09-10","investment_sale","investment_disposal","35204","INR","INCX0042sale","INV0042",,"matched"
"synthetic","generated_for_testing","TXN00893","USR0043","2025-09-11","rent_receipt","income_receipt","35341","INR",,,,"matched"
"synthetic","generated_for_testing","TXN00894","USR0044","2025-09-12","salary_credit","income_receipt","35478","INR","INC004401",,,"matched"
"synthetic","generated_for_testing","TXN00895","USR0045","2025-09-13","bank_interest_credit","income_receipt","35615","INR","INC004502",,,"review"
"synthetic","generated_for_testing","TXN00896","USR0046","2025-09-14","freelance_receipt","income_receipt","35752","INR",,,,"matched"
"synthetic","generated_for_testing","TXN00897","USR0047","2025-09-15","investment_purchase","investment_acquisition","35889","INR","INCX0047purchase",,,"matched"
"synthetic","generated_for_testing","TXN00898","USR0048","2025-09-16","investment_sale","investment_disposal","36026","INR","INCX0048sale","INV0048","CG0048","matched"
"synthetic","generated_for_testing","TXN00899","USR0049","2025-09-17","rent_receipt","income_receipt","36163","INR",,,,"matched"
"synthetic","generated_for_testing","TXN00900","USR0050","2025-09-18","salary_credit","income_receipt","36300","INR","INC005001",,,"review"
"synthetic","generated_for_testing","TXN00901","USR0001","2025-09-19","bank_interest_credit","income_receipt","36437","INR","INC000102",,,"matched"
"synthetic","generated_for_testing","TXN00902","USR0002","2025-09-20","freelance_receipt","income_receipt","36574","INR",,,,"matched"
"synthetic","generated_for_testing","TXN00903","USR0003","2025-09-21","investment_purchase","investment_acquisition","36711","INR","INCX0003purchase",,,"matched"
"synthetic","generated_for_testing","TXN00904","USR0004","2025-09-22","investment_sale","investment_disposal","36848","INR","INCX0004sale","INV0004","CG0004","matched"
"synthetic","generated_for_testing","TXN00905","USR0005","2025-09-23","rent_receipt","income_receipt","36985","INR","INC000503",,,"review"
"synthetic","generated_for_testing","TXN00906","USR0006","2025-09-24","salary_credit","income_receipt","37122","INR","INC000601",,,"matched"
"synthetic","generated_for_testing","TXN00907","USR0007","2025-09-25","bank_interest_credit","income_receipt","37259","INR","INC000702",,,"matched"
"synthetic","generated_for_testing","TXN00908","USR0008","2025-09-26","freelance_receipt","income_receipt","37396","INR",,,,"matched"
"synthetic","generated_for_testing","TXN00909","USR0009","2025-09-27","investment_purchase","investment_acquisition","37533","INR","INCX0009purchase",,,"matched"
"synthetic","generated_for_testing","TXN00910","USR0010","2025-09-28","investment_sale","investment_disposal","37670","INR","INCX0010sale","INV0010",,"review"
"synthetic","generated_for_testing","TXN00911","USR0011","2025-09-29","rent_receipt","income_receipt","37807","INR",,,,"matched"
"synthetic","generated_for_testing","TXN00912","USR0012","2025-09-30","salary_credit","income_receipt","37944","INR","INC001201",,,"matched"
"synthetic","generated_for_testing","TXN00913","USR0013","2025-10-01","bank_interest_credit","income_receipt","38081","INR","INC001302",,,"matched"
"synthetic","generated_for_testing","TXN00914","USR0014","2025-10-02","freelance_receipt","income_receipt","38218","INR",,,,"matched"
"synthetic","generated_for_testing","TXN00915","USR0015","2025-10-03","investment_purchase","investment_acquisition","38355","INR","INCX0015purchase",,,"review"
"synthetic","generated_for_testing","TXN00916","USR0016","2025-10-04","investment_sale","investment_disposal","38492","INR","INCX0016sale","INV0016","CG0016","matched"
"synthetic","generated_for_testing","TXN00917","USR0017","2025-10-05","rent_receipt","income_receipt","38629","INR",,,,"matched"
"synthetic","generated_for_testing","TXN00918","USR0018","2025-10-06","salary_credit","income_receipt","38766","INR","INC001801",,,"matched"
"synthetic","generated_for_testing","TXN00919","USR0019","2025-10-07","bank_interest_credit","income_receipt","38903","INR","INC001902",,,"matched"
"synthetic","generated_for_testing","TXN00920","USR0020","2025-10-08","freelance_receipt","income_receipt","39040","INR",,,,"review"
"synthetic","generated_for_testing","TXN00921","USR0021","2025-10-09","investment_purchase","investment_acquisition","39177","INR","INCX0021purchase",,,"matched"
"synthetic","generated_for_testing","TXN00922","USR0022","2025-10-10","investment_sale","investment_disposal","39314","INR","INCX0022sale","INV0022",,"matched"
"synthetic","generated_for_testing","TXN00923","USR0023","2025-10-11","rent_receipt","income_receipt","39451","INR",,,,"matched"
"synthetic","generated_for_testing","TXN00924","USR0024","2025-10-12","salary_credit","income_receipt","39588","INR","INC002401",,,"matched"
"synthetic","generated_for_testing","TXN00925","USR0025","2025-10-13","bank_interest_credit","income_receipt","39725","INR","INC002502",,,"review"
"synthetic","generated_for_testing","TXN00926","USR0026","2025-10-14","freelance_receipt","income_receipt","39862","INR",,,,"matched"
"synthetic","generated_for_testing","TXN00927","USR0027","2025-10-15","investment_purchase","investment_acquisition","39999","INR","INCX0027purchase",,,"matched"
"synthetic","generated_for_testing","TXN00928","USR0028","2025-10-16","investment_sale","investment_disposal","40136","INR","INCX0028sale","INV0028","CG0028","matched"
"synthetic","generated_for_testing","TXN00929","USR0029","2025-10-17","rent_receipt","income_receipt","40273","INR",,,,"matched"
"synthetic","generated_for_testing","TXN00930","USR0030","2025-10-18","salary_credit","income_receipt","40410","INR","INC003001",,,"review"
"synthetic","generated_for_testing","TXN00931","USR0031","2025-10-19","bank_interest_credit","income_receipt","40547","INR","INC003102",,,"matched"
"synthetic","generated_for_testing","TXN00932","USR0032","2025-10-20","freelance_receipt","income_receipt","40684","INR",,,,"matched"
"synthetic","generated_for_testing","TXN00933","USR0033","2025-10-21","investment_purchase","investment_acquisition","40821","INR","INCX0033purchase",,,"matched"
"synthetic","generated_for_testing","TXN00934","USR0034","2025-10-22","investment_sale","investment_disposal","40958","INR","INCX0034sale","INV0034",,"matched"
"synthetic","generated_for_testing","TXN00935","USR0035","2025-10-23","rent_receipt","income_receipt","41095","INR","INC003503",,,"review"
"synthetic","generated_for_testing","TXN00936","USR0036","2025-10-24","salary_credit","income_receipt","41232","INR","INC003601",,,"matched"
"synthetic","generated_for_testing","TXN00937","USR0037","2025-10-25","bank_interest_credit","income_receipt","41369","INR","INC003702",,,"matched"
"synthetic","generated_for_testing","TXN00938","USR0038","2025-10-26","freelance_receipt","income_receipt","41506","INR",,,,"matched"
"synthetic","generated_for_testing","TXN00939","USR0039","2025-10-27","investment_purchase","investment_acquisition","41643","INR","INCX0039purchase",,,"matched"
"synthetic","generated_for_testing","TXN00940","USR0040","2025-10-28","investment_sale","investment_disposal","41780","INR","INCX0040sale","INV0040","CG0040","review"
"synthetic","generated_for_testing","TXN00941","USR0041","2025-10-29","rent_receipt","income_receipt","41917","INR",,,,"matched"
"synthetic","generated_for_testing","TXN00942","USR0042","2025-10-30","salary_credit","income_receipt","42054","INR","INC004201",,,"matched"
"synthetic","generated_for_testing","TXN00943","USR0043","2025-10-31","bank_interest_credit","income_receipt","42191","INR","INC004302",,,"matched"
"synthetic","generated_for_testing","TXN00944","USR0044","2025-11-01","freelance_receipt","income_receipt","42328","INR",,,,"matched"
"synthetic","generated_for_testing","TXN00945","USR0045","2025-11-02","investment_purchase","investment_acquisition","42465","INR","INCX0045purchase",,,"review"
"synthetic","generated_for_testing","TXN00946","USR0046","2025-11-03","investment_sale","investment_disposal","42602","INR","INCX0046sale","INV0046",,"matched"
"synthetic","generated_for_testing","TXN00947","USR0047","2025-11-04","rent_receipt","income_receipt","42739","INR",,,,"matched"
"synthetic","generated_for_testing","TXN00948","USR0048","2025-11-05","salary_credit","income_receipt","42876","INR","INC004801",,,"matched"
"synthetic","generated_for_testing","TXN00949","USR0049","2025-11-06","bank_interest_credit","income_receipt","43013","INR","INC004902",,,"matched"
"synthetic","generated_for_testing","TXN00950","USR0050","2025-11-07","freelance_receipt","income_receipt","43150","INR",,,,"review"
"synthetic","generated_for_testing","TXN00951","USR0001","2025-11-08","investment_purchase","investment_acquisition","43287","INR","INCX0001purchase",,,"matched"
"synthetic","generated_for_testing","TXN00952","USR0002","2025-11-09","investment_sale","investment_disposal","43424","INR","INCX0002sale","INV0002",,"matched"
"synthetic","generated_for_testing","TXN00953","USR0003","2025-11-10","rent_receipt","income_receipt","43561","INR",,,,"matched"
"synthetic","generated_for_testing","TXN00954","USR0004","2025-11-11","salary_credit","income_receipt","43698","INR","INC000401",,,"matched"
"synthetic","generated_for_testing","TXN00955","USR0005","2025-11-12","bank_interest_credit","income_receipt","43835","INR","INC000502",,,"review"
"synthetic","generated_for_testing","TXN00956","USR0006","2025-11-13","freelance_receipt","income_receipt","43972","INR","INC000603",,,"matched"
"synthetic","generated_for_testing","TXN00957","USR0007","2025-11-14","investment_purchase","investment_acquisition","44109","INR","INCX0007purchase",,,"matched"
"synthetic","generated_for_testing","TXN00958","USR0008","2025-11-15","investment_sale","investment_disposal","44246","INR","INCX0008sale","INV0008","CG0008","matched"
"synthetic","generated_for_testing","TXN00959","USR0009","2025-11-16","rent_receipt","income_receipt","44383","INR",,,,"matched"
"synthetic","generated_for_testing","TXN00960","USR0010","2025-11-17","salary_credit","income_receipt","44520","INR","INC001001",,,"review"
"synthetic","generated_for_testing","TXN00961","USR0011","2025-11-18","bank_interest_credit","income_receipt","44657","INR","INC001102",,,"matched"
"synthetic","generated_for_testing","TXN00962","USR0012","2025-11-19","freelance_receipt","income_receipt","44794","INR","INC001203",,,"matched"
"synthetic","generated_for_testing","TXN00963","USR0013","2025-11-20","investment_purchase","investment_acquisition","44931","INR","INCX0013purchase",,,"matched"
"synthetic","generated_for_testing","TXN00964","USR0014","2025-11-21","investment_sale","investment_disposal","45068","INR","INCX0014sale","INV0014",,"matched"
"synthetic","generated_for_testing","TXN00965","USR0015","2025-11-22","rent_receipt","income_receipt","45205","INR",,,,"review"
"synthetic","generated_for_testing","TXN00966","USR0016","2025-11-23","salary_credit","income_receipt","45342","INR","INC001601",,,"matched"
"synthetic","generated_for_testing","TXN00967","USR0017","2025-11-24","bank_interest_credit","income_receipt","45479","INR","INC001702",,,"matched"
"synthetic","generated_for_testing","TXN00968","USR0018","2025-11-25","freelance_receipt","income_receipt","45616","INR","INC001803",,,"matched"
"synthetic","generated_for_testing","TXN00969","USR0019","2025-11-26","investment_purchase","investment_acquisition","45753","INR","INCX0019purchase",,,"matched"
"synthetic","generated_for_testing","TXN00970","USR0020","2025-11-27","investment_sale","investment_disposal","45890","INR","INCX0020sale","INV0020","CG0020","review"
"synthetic","generated_for_testing","TXN00971","USR0021","2025-11-28","rent_receipt","income_receipt","46027","INR",,,,"matched"
"synthetic","generated_for_testing","TXN00972","USR0022","2025-11-29","salary_credit","income_receipt","46164","INR","INC002201",,,"matched"
"synthetic","generated_for_testing","TXN00973","USR0023","2025-11-30","bank_interest_credit","income_receipt","46301","INR","INC002302",,,"matched"
"synthetic","generated_for_testing","TXN00974","USR0024","2025-12-01","freelance_receipt","income_receipt","46438","INR","INC002403",,,"matched"
"synthetic","generated_for_testing","TXN00975","USR0025","2025-12-02","investment_purchase","investment_acquisition","46575","INR","INCX0025purchase",,,"review"
"synthetic","generated_for_testing","TXN00976","USR0026","2025-12-03","investment_sale","investment_disposal","46712","INR","INCX0026sale","INV0026",,"matched"
"synthetic","generated_for_testing","TXN00977","USR0027","2025-12-04","rent_receipt","income_receipt","46849","INR",,,,"matched"
"synthetic","generated_for_testing","TXN00978","USR0028","2025-12-05","salary_credit","income_receipt","46986","INR","INC002801",,,"matched"
"synthetic","generated_for_testing","TXN00979","USR0029","2025-12-06","bank_interest_credit","income_receipt","47123","INR","INC002902",,,"matched"
"synthetic","generated_for_testing","TXN00980","USR0030","2025-12-07","freelance_receipt","income_receipt","47260","INR","INC003003",,,"review"
"synthetic","generated_for_testing","TXN00981","USR0031","2025-12-08","investment_purchase","investment_acquisition","47397","INR","INCX0031purchase",,,"matched"
"synthetic","generated_for_testing","TXN00982","USR0032","2025-12-09","investment_sale","investment_disposal","47534","INR","INCX0032sale","INV0032","CG0032","matched"
"synthetic","generated_for_testing","TXN00983","USR0033","2025-12-10","rent_receipt","income_receipt","47671","INR",,,,"matched"
"synthetic","generated_for_testing","TXN00984","USR0034","2025-12-11","salary_credit","income_receipt","47808","INR","INC003401",,,"matched"
"synthetic","generated_for_testing","TXN00985","USR0035","2025-12-12","bank_interest_credit","income_receipt","47945","INR","INC003502",,,"review"
"synthetic","generated_for_testing","TXN00986","USR0036","2025-12-13","freelance_receipt","income_receipt","48082","INR","INC003603",,,"matched"
"synthetic","generated_for_testing","TXN00987","USR0037","2025-12-14","investment_purchase","investment_acquisition","48219","INR","INCX0037purchase",,,"matched"
"synthetic","generated_for_testing","TXN00988","USR0038","2025-12-15","investment_sale","investment_disposal","48356","INR","INCX0038sale","INV0038",,"matched"
"synthetic","generated_for_testing","TXN00989","USR0039","2025-12-16","rent_receipt","income_receipt","48493","INR",,,,"matched"
"synthetic","generated_for_testing","TXN00990","USR0040","2025-12-17","salary_credit","income_receipt","48630","INR","INC004001",,,"review"
"synthetic","generated_for_testing","TXN00991","USR0041","2025-12-18","bank_interest_credit","income_receipt","48767","INR","INC004102",,,"matched"
"synthetic","generated_for_testing","TXN00992","USR0042","2025-12-19","freelance_receipt","income_receipt","48904","INR","INC004203",,,"matched"
"synthetic","generated_for_testing","TXN00993","USR0043","2025-12-20","investment_purchase","investment_acquisition","49041","INR","INCX0043purchase",,,"matched"
"synthetic","generated_for_testing","TXN00994","USR0044","2025-12-21","investment_sale","investment_disposal","49178","INR","INCX0044sale","INV0044","CG0044","matched"
"synthetic","generated_for_testing","TXN00995","USR0045","2025-12-22","rent_receipt","income_receipt","49315","INR",,,,"review"
"synthetic","generated_for_testing","TXN00996","USR0046","2025-12-23","salary_credit","income_receipt","49452","INR","INC004601",,,"matched"
"synthetic","generated_for_testing","TXN00997","USR0047","2025-12-24","bank_interest_credit","income_receipt","49589","INR","INC004702",,,"matched"
"synthetic","generated_for_testing","TXN00998","USR0048","2025-12-25","freelance_receipt","income_receipt","49726","INR","INC004803",,,"matched"
"synthetic","generated_for_testing","TXN00999","USR0049","2025-12-26","investment_purchase","investment_acquisition","49863","INR","INCX0049purchase",,,"matched"
"synthetic","generated_for_testing","TXN01000","USR0050","2025-12-27","investment_sale","investment_disposal","50000","INR","INCX0050sale","INV0050",,"review"
"synthetic","generated_for_testing","TXN01001","USR0001","2025-12-28","rent_receipt","income_receipt","50137","INR",,,,"matched"
"synthetic","generated_for_testing","TXN01002","USR0002","2025-12-29","salary_credit","income_receipt","50274","INR","INC000201",,,"matched"
"synthetic","generated_for_testing","TXN01003","USR0003","2025-12-30","bank_interest_credit","income_receipt","50411","INR","INC000302",,,"matched"
"synthetic","generated_for_testing","TXN01004","USR0004","2025-12-31","freelance_receipt","income_receipt","50548","INR",,,,"matched"
"synthetic","generated_for_testing","TXN01005","USR0005","2026-01-01","investment_purchase","investment_acquisition","50685","INR","INCX0005purchase",,,"review"
"synthetic","generated_for_testing","TXN01006","USR0006","2026-01-02","investment_sale","investment_disposal","50822","INR","INCX0006sale","INV0006",,"matched"
"synthetic","generated_for_testing","TXN01007","USR0007","2026-01-03","rent_receipt","income_receipt","50959","INR",,,,"matched"
"synthetic","generated_for_testing","TXN01008","USR0008","2026-01-04","salary_credit","income_receipt","51096","INR","INC000801",,,"matched"
"synthetic","generated_for_testing","TXN01009","USR0009","2026-01-05","bank_interest_credit","income_receipt","51233","INR","INC000902",,,"matched"
"synthetic","generated_for_testing","TXN01010","USR0010","2026-01-06","freelance_receipt","income_receipt","51370","INR",,,,"review"
"synthetic","generated_for_testing","TXN01011","USR0011","2026-01-07","investment_purchase","investment_acquisition","51507","INR","INCX0011purchase",,,"matched"
"synthetic","generated_for_testing","TXN01012","USR0012","2026-01-08","investment_sale","investment_disposal","51644","INR","INCX0012sale","INV0012","CG0012","matched"
"synthetic","generated_for_testing","TXN01013","USR0013","2026-01-09","rent_receipt","income_receipt","51781","INR",,,,"matched"
"synthetic","generated_for_testing","TXN01014","USR0014","2026-01-10","salary_credit","income_receipt","51918","INR","INC001401",,,"matched"
"synthetic","generated_for_testing","TXN01015","USR0015","2026-01-11","bank_interest_credit","income_receipt","52055","INR","INC001502",,,"review"
"synthetic","generated_for_testing","TXN01016","USR0016","2026-01-12","freelance_receipt","income_receipt","52192","INR",,,,"matched"
"synthetic","generated_for_testing","TXN01017","USR0017","2026-01-13","investment_purchase","investment_acquisition","52329","INR","INCX0017purchase",,,"matched"
"synthetic","generated_for_testing","TXN01018","USR0018","2026-01-14","investment_sale","investment_disposal","52466","INR","INCX0018sale","INV0018",,"matched"
"synthetic","generated_for_testing","TXN01019","USR0019","2026-01-15","rent_receipt","income_receipt","52603","INR",,,,"matched"
"synthetic","generated_for_testing","TXN01020","USR0020","2026-01-16","salary_credit","income_receipt","52740","INR","INC002001",,,"review"
"synthetic","generated_for_testing","TXN01021","USR0021","2026-01-17","bank_interest_credit","income_receipt","52877","INR","INC002102",,,"matched"
"synthetic","generated_for_testing","TXN01022","USR0022","2026-01-18","freelance_receipt","income_receipt","53014","INR",,,,"matched"
"synthetic","generated_for_testing","TXN01023","USR0023","2026-01-19","investment_purchase","investment_acquisition","53151","INR","INCX0023purchase",,,"matched"
"synthetic","generated_for_testing","TXN01024","USR0024","2026-01-20","investment_sale","investment_disposal","53288","INR","INCX0024sale","INV0024","CG0024","matched"
"synthetic","generated_for_testing","TXN01025","USR0025","2026-01-21","rent_receipt","income_receipt","53425","INR","INC002503",,,"review"
"synthetic","generated_for_testing","TXN01026","USR0026","2026-01-22","salary_credit","income_receipt","53562","INR","INC002601",,,"matched"
"synthetic","generated_for_testing","TXN01027","USR0027","2026-01-23","bank_interest_credit","income_receipt","53699","INR","INC002702",,,"matched"
"synthetic","generated_for_testing","TXN01028","USR0028","2026-01-24","freelance_receipt","income_receipt","53836","INR",,,,"matched"
"synthetic","generated_for_testing","TXN01029","USR0029","2026-01-25","investment_purchase","investment_acquisition","53973","INR","INCX0029purchase",,,"matched"
"synthetic","generated_for_testing","TXN01030","USR0030","2026-01-26","investment_sale","investment_disposal","54110","INR","INCX0030sale","INV0030",,"review"
"synthetic","generated_for_testing","TXN01031","USR0031","2026-01-27","rent_receipt","income_receipt","54247","INR",,,,"matched"
"synthetic","generated_for_testing","TXN01032","USR0032","2026-01-28","salary_credit","income_receipt","54384","INR","INC003201",,,"matched"
"synthetic","generated_for_testing","TXN01033","USR0033","2026-01-29","bank_interest_credit","income_receipt","54521","INR","INC003302",,,"matched"
"synthetic","generated_for_testing","TXN01034","USR0034","2026-01-30","freelance_receipt","income_receipt","54658","INR",,,,"matched"
"synthetic","generated_for_testing","TXN01035","USR0035","2026-01-31","investment_purchase","investment_acquisition","54795","INR","INCX0035purchase",,,"review"
"synthetic","generated_for_testing","TXN01036","USR0036","2026-02-01","investment_sale","investment_disposal","54932","INR","INCX0036sale","INV0036","CG0036","matched"
"synthetic","generated_for_testing","TXN01037","USR0037","2026-02-02","rent_receipt","income_receipt","55069","INR",,,,"matched"
"synthetic","generated_for_testing","TXN01038","USR0038","2026-02-03","salary_credit","income_receipt","55206","INR","INC003801",,,"matched"
"synthetic","generated_for_testing","TXN01039","USR0039","2026-02-04","bank_interest_credit","income_receipt","55343","INR","INC003902",,,"matched"
"synthetic","generated_for_testing","TXN01040","USR0040","2026-02-05","freelance_receipt","income_receipt","55480","INR",,,,"review"
"synthetic","generated_for_testing","TXN01041","USR0041","2026-02-06","investment_purchase","investment_acquisition","55617","INR","INCX0041purchase",,,"matched"
"synthetic","generated_for_testing","TXN01042","USR0042","2026-02-07","investment_sale","investment_disposal","55754","INR","INCX0042sale","INV0042",,"matched"
"synthetic","generated_for_testing","TXN01043","USR0043","2026-02-08","rent_receipt","income_receipt","55891","INR",,,,"matched"
"synthetic","generated_for_testing","TXN01044","USR0044","2026-02-09","salary_credit","income_receipt","56028","INR","INC004401",,,"matched"
"synthetic","generated_for_testing","TXN01045","USR0045","2026-02-10","bank_interest_credit","income_receipt","56165","INR","INC004502",,,"review"
"synthetic","generated_for_testing","TXN01046","USR0046","2026-02-11","freelance_receipt","income_receipt","56302","INR",,,,"matched"
"synthetic","generated_for_testing","TXN01047","USR0047","2026-02-12","investment_purchase","investment_acquisition","56439","INR","INCX0047purchase",,,"matched"
"synthetic","generated_for_testing","TXN01048","USR0048","2026-02-13","investment_sale","investment_disposal","56576","INR","INCX0048sale","INV0048","CG0048","matched"
"synthetic","generated_for_testing","TXN01049","USR0049","2026-02-14","rent_receipt","income_receipt","56713","INR",,,,"matched"
"synthetic","generated_for_testing","TXN01050","USR0050","2026-02-15","salary_credit","income_receipt","56850","INR","INC005001",,,"review"
"synthetic","generated_for_testing","TXN01051","USR0001","2026-02-16","bank_interest_credit","income_receipt","56987","INR","INC000102",,,"matched"
"synthetic","generated_for_testing","TXN01052","USR0002","2026-02-17","freelance_receipt","income_receipt","57124","INR",,,,"matched"
"synthetic","generated_for_testing","TXN01053","USR0003","2026-02-18","investment_purchase","investment_acquisition","57261","INR","INCX0003purchase",,,"matched"
"synthetic","generated_for_testing","TXN01054","USR0004","2026-02-19","investment_sale","investment_disposal","57398","INR","INCX0004sale","INV0004","CG0004","matched"
"synthetic","generated_for_testing","TXN01055","USR0005","2026-02-20","rent_receipt","income_receipt","57535","INR","INC000503",,,"review"
"synthetic","generated_for_testing","TXN01056","USR0006","2026-02-21","salary_credit","income_receipt","57672","INR","INC000601",,,"matched"
"synthetic","generated_for_testing","TXN01057","USR0007","2026-02-22","bank_interest_credit","income_receipt","57809","INR","INC000702",,,"matched"
"synthetic","generated_for_testing","TXN01058","USR0008","2026-02-23","freelance_receipt","income_receipt","57946","INR",,,,"matched"
"synthetic","generated_for_testing","TXN01059","USR0009","2026-02-24","investment_purchase","investment_acquisition","58083","INR","INCX0009purchase",,,"matched"
"synthetic","generated_for_testing","TXN01060","USR0010","2026-02-25","investment_sale","investment_disposal","58220","INR","INCX0010sale","INV0010",,"review"
"synthetic","generated_for_testing","TXN01061","USR0011","2026-02-26","rent_receipt","income_receipt","58357","INR",,,,"matched"
"synthetic","generated_for_testing","TXN01062","USR0012","2026-02-27","salary_credit","income_receipt","58494","INR","INC001201",,,"matched"
"synthetic","generated_for_testing","TXN01063","USR0013","2026-02-28","bank_interest_credit","income_receipt","58631","INR","INC001302",,,"matched"
"synthetic","generated_for_testing","TXN01064","USR0014","2026-03-01","freelance_receipt","income_receipt","58768","INR",,,,"matched"
"synthetic","generated_for_testing","TXN01065","USR0015","2026-03-02","investment_purchase","investment_acquisition","58905","INR","INCX0015purchase",,,"review"
"synthetic","generated_for_testing","TXN01066","USR0016","2026-03-03","investment_sale","investment_disposal","59042","INR","INCX0016sale","INV0016","CG0016","matched"
"synthetic","generated_for_testing","TXN01067","USR0017","2026-03-04","rent_receipt","income_receipt","59179","INR",,,,"matched"
"synthetic","generated_for_testing","TXN01068","USR0018","2026-03-05","salary_credit","income_receipt","59316","INR","INC001801",,,"matched"
"synthetic","generated_for_testing","TXN01069","USR0019","2026-03-06","bank_interest_credit","income_receipt","59453","INR","INC001902",,,"matched"
"synthetic","generated_for_testing","TXN01070","USR0020","2026-03-07","freelance_receipt","income_receipt","59590","INR",,,,"review"
"synthetic","generated_for_testing","TXN01071","USR0021","2026-03-08","investment_purchase","investment_acquisition","59727","INR","INCX0021purchase",,,"matched"
"synthetic","generated_for_testing","TXN01072","USR0022","2026-03-09","investment_sale","investment_disposal","59864","INR","INCX0022sale","INV0022",,"matched"
"synthetic","generated_for_testing","TXN01073","USR0023","2026-03-10","rent_receipt","income_receipt","60001","INR",,,,"matched"
"synthetic","generated_for_testing","TXN01074","USR0024","2026-03-11","salary_credit","income_receipt","60138","INR","INC002401",,,"matched"
"synthetic","generated_for_testing","TXN01075","USR0025","2026-03-12","bank_interest_credit","income_receipt","60275","INR","INC002502",,,"review"
"synthetic","generated_for_testing","TXN01076","USR0026","2026-03-13","freelance_receipt","income_receipt","60412","INR",,,,"matched"
"synthetic","generated_for_testing","TXN01077","USR0027","2026-03-14","investment_purchase","investment_acquisition","60549","INR","INCX0027purchase",,,"matched"
"synthetic","generated_for_testing","TXN01078","USR0028","2026-03-15","investment_sale","investment_disposal","60686","INR","INCX0028sale","INV0028","CG0028","matched"
"synthetic","generated_for_testing","TXN01079","USR0029","2026-03-16","rent_receipt","income_receipt","60823","INR",,,,"matched"
"synthetic","generated_for_testing","TXN01080","USR0030","2026-03-17","salary_credit","income_receipt","60960","INR","INC003001",,,"review"
"synthetic","generated_for_testing","TXN01081","USR0031","2026-03-18","bank_interest_credit","income_receipt","61097","INR","INC003102",,,"matched"
"synthetic","generated_for_testing","TXN01082","USR0032","2026-03-19","freelance_receipt","income_receipt","61234","INR",,,,"matched"
"synthetic","generated_for_testing","TXN01083","USR0033","2026-03-20","investment_purchase","investment_acquisition","61371","INR","INCX0033purchase",,,"matched"
"synthetic","generated_for_testing","TXN01084","USR0034","2026-03-21","investment_sale","investment_disposal","61508","INR","INCX0034sale","INV0034",,"matched"
"synthetic","generated_for_testing","TXN01085","USR0035","2026-03-22","rent_receipt","income_receipt","61645","INR","INC003503",,,"review"
"synthetic","generated_for_testing","TXN01086","USR0036","2026-03-23","salary_credit","income_receipt","61782","INR","INC003601",,,"matched"
"synthetic","generated_for_testing","TXN01087","USR0037","2026-03-24","bank_interest_credit","income_receipt","61919","INR","INC003702",,,"matched"
"synthetic","generated_for_testing","TXN01088","USR0038","2026-03-25","freelance_receipt","income_receipt","62056","INR",,,,"matched"
"synthetic","generated_for_testing","TXN01089","USR0039","2026-03-26","investment_purchase","investment_acquisition","62193","INR","INCX0039purchase",,,"matched"
"synthetic","generated_for_testing","TXN01090","USR0040","2026-03-27","investment_sale","investment_disposal","62330","INR","INCX0040sale","INV0040","CG0040","review"
"synthetic","generated_for_testing","TXN01091","USR0041","2026-03-28","rent_receipt","income_receipt","62467","INR",,,,"matched"
"synthetic","generated_for_testing","TXN01092","USR0042","2026-03-29","salary_credit","income_receipt","62604","INR","INC004201",,,"matched"
"synthetic","generated_for_testing","TXN01093","USR0043","2026-03-30","bank_interest_credit","income_receipt","62741","INR","INC004302",,,"matched"
"synthetic","generated_for_testing","TXN01094","USR0044","2026-03-31","freelance_receipt","income_receipt","62878","INR",,,,"matched"
"synthetic","generated_for_testing","TXN01095","USR0045","2025-04-01","investment_purchase","investment_acquisition","63015","INR","INCX0045purchase",,,"review"
"synthetic","generated_for_testing","TXN01096","USR0046","2025-04-02","investment_sale","investment_disposal","63152","INR","INCX0046sale","INV0046",,"matched"
"synthetic","generated_for_testing","TXN01097","USR0047","2025-04-03","rent_receipt","income_receipt","63289","INR",,,,"matched"
"synthetic","generated_for_testing","TXN01098","USR0048","2025-04-04","salary_credit","income_receipt","63426","INR","INC004801",,,"matched"
"synthetic","generated_for_testing","TXN01099","USR0049","2025-04-05","bank_interest_credit","income_receipt","63563","INR","INC004902",,,"matched"
"synthetic","generated_for_testing","TXN01100","USR0050","2025-04-06","freelance_receipt","income_receipt","63700","INR",,,,"review"
"synthetic","generated_for_testing","TXN01101","USR0001","2025-04-07","investment_purchase","investment_acquisition","63837","INR","INCX0001purchase",,,"matched"
"synthetic","generated_for_testing","TXN01102","USR0002","2025-04-08","investment_sale","investment_disposal","63974","INR","INCX0002sale","INV0002",,"matched"
"synthetic","generated_for_testing","TXN01103","USR0003","2025-04-09","rent_receipt","income_receipt","64111","INR",,,,"matched"
"synthetic","generated_for_testing","TXN01104","USR0004","2025-04-10","salary_credit","income_receipt","64248","INR","INC000401",,,"matched"
"synthetic","generated_for_testing","TXN01105","USR0005","2025-04-11","bank_interest_credit","income_receipt","64385","INR","INC000502",,,"review"
"synthetic","generated_for_testing","TXN01106","USR0006","2025-04-12","freelance_receipt","income_receipt","64522","INR","INC000603",,,"matched"
"synthetic","generated_for_testing","TXN01107","USR0007","2025-04-13","investment_purchase","investment_acquisition","64659","INR","INCX0007purchase",,,"matched"
"synthetic","generated_for_testing","TXN01108","USR0008","2025-04-14","investment_sale","investment_disposal","64796","INR","INCX0008sale","INV0008","CG0008","matched"
"synthetic","generated_for_testing","TXN01109","USR0009","2025-04-15","rent_receipt","income_receipt","64933","INR",,,,"matched"
"synthetic","generated_for_testing","TXN01110","USR0010","2025-04-16","salary_credit","income_receipt","65070","INR","INC001001",,,"review"
"synthetic","generated_for_testing","TXN01111","USR0011","2025-04-17","bank_interest_credit","income_receipt","65207","INR","INC001102",,,"matched"
"synthetic","generated_for_testing","TXN01112","USR0012","2025-04-18","freelance_receipt","income_receipt","65344","INR","INC001203",,,"matched"
"synthetic","generated_for_testing","TXN01113","USR0013","2025-04-19","investment_purchase","investment_acquisition","65481","INR","INCX0013purchase",,,"matched"
"synthetic","generated_for_testing","TXN01114","USR0014","2025-04-20","investment_sale","investment_disposal","65618","INR","INCX0014sale","INV0014",,"matched"
"synthetic","generated_for_testing","TXN01115","USR0015","2025-04-21","rent_receipt","income_receipt","65755","INR",,,,"review"
"synthetic","generated_for_testing","TXN01116","USR0016","2025-04-22","salary_credit","income_receipt","65892","INR","INC001601",,,"matched"
"synthetic","generated_for_testing","TXN01117","USR0017","2025-04-23","bank_interest_credit","income_receipt","66029","INR","INC001702",,,"matched"
"synthetic","generated_for_testing","TXN01118","USR0018","2025-04-24","freelance_receipt","income_receipt","66166","INR","INC001803",,,"matched"
"synthetic","generated_for_testing","TXN01119","USR0019","2025-04-25","investment_purchase","investment_acquisition","66303","INR","INCX0019purchase",,,"matched"
"synthetic","generated_for_testing","TXN01120","USR0020","2025-04-26","investment_sale","investment_disposal","66440","INR","INCX0020sale","INV0020","CG0020","review"
"synthetic","generated_for_testing","TXN01121","USR0021","2025-04-27","rent_receipt","income_receipt","66577","INR",,,,"matched"
"synthetic","generated_for_testing","TXN01122","USR0022","2025-04-28","salary_credit","income_receipt","66714","INR","INC002201",,,"matched"
"synthetic","generated_for_testing","TXN01123","USR0023","2025-04-29","bank_interest_credit","income_receipt","66851","INR","INC002302",,,"matched"
"synthetic","generated_for_testing","TXN01124","USR0024","2025-04-30","freelance_receipt","income_receipt","66988","INR","INC002403",,,"matched"
"synthetic","generated_for_testing","TXN01125","USR0025","2025-05-01","investment_purchase","investment_acquisition","67125","INR","INCX0025purchase",,,"review"
"synthetic","generated_for_testing","TXN01126","USR0026","2025-05-02","investment_sale","investment_disposal","67262","INR","INCX0026sale","INV0026",,"matched"
"synthetic","generated_for_testing","TXN01127","USR0027","2025-05-03","rent_receipt","income_receipt","67399","INR",,,,"matched"
"synthetic","generated_for_testing","TXN01128","USR0028","2025-05-04","salary_credit","income_receipt","67536","INR","INC002801",,,"matched"
"synthetic","generated_for_testing","TXN01129","USR0029","2025-05-05","bank_interest_credit","income_receipt","67673","INR","INC002902",,,"matched"
"synthetic","generated_for_testing","TXN01130","USR0030","2025-05-06","freelance_receipt","income_receipt","67810","INR","INC003003",,,"review"
"synthetic","generated_for_testing","TXN01131","USR0031","2025-05-07","investment_purchase","investment_acquisition","67947","INR","INCX0031purchase",,,"matched"
"synthetic","generated_for_testing","TXN01132","USR0032","2025-05-08","investment_sale","investment_disposal","68084","INR","INCX0032sale","INV0032","CG0032","matched"
"synthetic","generated_for_testing","TXN01133","USR0033","2025-05-09","rent_receipt","income_receipt","68221","INR",,,,"matched"
"synthetic","generated_for_testing","TXN01134","USR0034","2025-05-10","salary_credit","income_receipt","68358","INR","INC003401",,,"matched"
"synthetic","generated_for_testing","TXN01135","USR0035","2025-05-11","bank_interest_credit","income_receipt","68495","INR","INC003502",,,"review"
"synthetic","generated_for_testing","TXN01136","USR0036","2025-05-12","freelance_receipt","income_receipt","68632","INR","INC003603",,,"matched"
"synthetic","generated_for_testing","TXN01137","USR0037","2025-05-13","investment_purchase","investment_acquisition","68769","INR","INCX0037purchase",,,"matched"
"synthetic","generated_for_testing","TXN01138","USR0038","2025-05-14","investment_sale","investment_disposal","68906","INR","INCX0038sale","INV0038",,"matched"
"synthetic","generated_for_testing","TXN01139","USR0039","2025-05-15","rent_receipt","income_receipt","69043","INR",,,,"matched"
"synthetic","generated_for_testing","TXN01140","USR0040","2025-05-16","salary_credit","income_receipt","69180","INR","INC004001",,,"review"
"synthetic","generated_for_testing","TXN01141","USR0041","2025-05-17","bank_interest_credit","income_receipt","69317","INR","INC004102",,,"matched"
"synthetic","generated_for_testing","TXN01142","USR0042","2025-05-18","freelance_receipt","income_receipt","69454","INR","INC004203",,,"matched"
"synthetic","generated_for_testing","TXN01143","USR0043","2025-05-19","investment_purchase","investment_acquisition","69591","INR","INCX0043purchase",,,"matched"
"synthetic","generated_for_testing","TXN01144","USR0044","2025-05-20","investment_sale","investment_disposal","69728","INR","INCX0044sale","INV0044","CG0044","matched"
"synthetic","generated_for_testing","TXN01145","USR0045","2025-05-21","rent_receipt","income_receipt","69865","INR",,,,"review"
"synthetic","generated_for_testing","TXN01146","USR0046","2025-05-22","salary_credit","income_receipt","70002","INR","INC004601",,,"matched"
"synthetic","generated_for_testing","TXN01147","USR0047","2025-05-23","bank_interest_credit","income_receipt","70139","INR","INC004702",,,"matched"
"synthetic","generated_for_testing","TXN01148","USR0048","2025-05-24","freelance_receipt","income_receipt","70276","INR","INC004803",,,"matched"
"synthetic","generated_for_testing","TXN01149","USR0049","2025-05-25","investment_purchase","investment_acquisition","70413","INR","INCX0049purchase",,,"matched"
"synthetic","generated_for_testing","TXN01150","USR0050","2025-05-26","investment_sale","investment_disposal","70550","INR","INCX0050sale","INV0050",,"review"
"synthetic","generated_for_testing","TXN01151","USR0001","2025-05-27","rent_receipt","income_receipt","70687","INR",,,,"matched"
"synthetic","generated_for_testing","TXN01152","USR0002","2025-05-28","salary_credit","income_receipt","70824","INR","INC000201",,,"matched"
"synthetic","generated_for_testing","TXN01153","USR0003","2025-05-29","bank_interest_credit","income_receipt","70961","INR","INC000302",,,"matched"
"synthetic","generated_for_testing","TXN01154","USR0004","2025-05-30","freelance_receipt","income_receipt","71098","INR",,,,"matched"
"synthetic","generated_for_testing","TXN01155","USR0005","2025-05-31","investment_purchase","investment_acquisition","71235","INR","INCX0005purchase",,,"review"
"synthetic","generated_for_testing","TXN01156","USR0006","2025-06-01","investment_sale","investment_disposal","71372","INR","INCX0006sale","INV0006",,"matched"
"synthetic","generated_for_testing","TXN01157","USR0007","2025-06-02","rent_receipt","income_receipt","71509","INR",,,,"matched"
"synthetic","generated_for_testing","TXN01158","USR0008","2025-06-03","salary_credit","income_receipt","71646","INR","INC000801",,,"matched"
"synthetic","generated_for_testing","TXN01159","USR0009","2025-06-04","bank_interest_credit","income_receipt","71783","INR","INC000902",,,"matched"
"synthetic","generated_for_testing","TXN01160","USR0010","2025-06-05","freelance_receipt","income_receipt","71920","INR",,,,"review"
"synthetic","generated_for_testing","TXN01161","USR0011","2025-06-06","investment_purchase","investment_acquisition","72057","INR","INCX0011purchase",,,"matched"
"synthetic","generated_for_testing","TXN01162","USR0012","2025-06-07","investment_sale","investment_disposal","72194","INR","INCX0012sale","INV0012","CG0012","matched"
"synthetic","generated_for_testing","TXN01163","USR0013","2025-06-08","rent_receipt","income_receipt","72331","INR",,,,"matched"
"synthetic","generated_for_testing","TXN01164","USR0014","2025-06-09","salary_credit","income_receipt","72468","INR","INC001401",,,"matched"
"synthetic","generated_for_testing","TXN01165","USR0015","2025-06-10","bank_interest_credit","income_receipt","72605","INR","INC001502",,,"review"
"synthetic","generated_for_testing","TXN01166","USR0016","2025-06-11","freelance_receipt","income_receipt","72742","INR",,,,"matched"
"synthetic","generated_for_testing","TXN01167","USR0017","2025-06-12","investment_purchase","investment_acquisition","72879","INR","INCX0017purchase",,,"matched"
"synthetic","generated_for_testing","TXN01168","USR0018","2025-06-13","investment_sale","investment_disposal","73016","INR","INCX0018sale","INV0018",,"matched"
"synthetic","generated_for_testing","TXN01169","USR0019","2025-06-14","rent_receipt","income_receipt","73153","INR",,,,"matched"
"synthetic","generated_for_testing","TXN01170","USR0020","2025-06-15","salary_credit","income_receipt","73290","INR","INC002001",,,"review"
"synthetic","generated_for_testing","TXN01171","USR0021","2025-06-16","bank_interest_credit","income_receipt","73427","INR","INC002102",,,"matched"
"synthetic","generated_for_testing","TXN01172","USR0022","2025-06-17","freelance_receipt","income_receipt","73564","INR",,,,"matched"
"synthetic","generated_for_testing","TXN01173","USR0023","2025-06-18","investment_purchase","investment_acquisition","73701","INR","INCX0023purchase",,,"matched"
"synthetic","generated_for_testing","TXN01174","USR0024","2025-06-19","investment_sale","investment_disposal","73838","INR","INCX0024sale","INV0024","CG0024","matched"
"synthetic","generated_for_testing","TXN01175","USR0025","2025-06-20","rent_receipt","income_receipt","73975","INR","INC002503",,,"review"
"synthetic","generated_for_testing","TXN01176","USR0026","2025-06-21","salary_credit","income_receipt","74112","INR","INC002601",,,"matched"
"synthetic","generated_for_testing","TXN01177","USR0027","2025-06-22","bank_interest_credit","income_receipt","74249","INR","INC002702",,,"matched"
"synthetic","generated_for_testing","TXN01178","USR0028","2025-06-23","freelance_receipt","income_receipt","74386","INR",,,,"matched"
"synthetic","generated_for_testing","TXN01179","USR0029","2025-06-24","investment_purchase","investment_acquisition","74523","INR","INCX0029purchase",,,"matched"
"synthetic","generated_for_testing","TXN01180","USR0030","2025-06-25","investment_sale","investment_disposal","74660","INR","INCX0030sale","INV0030",,"review"
"synthetic","generated_for_testing","TXN01181","USR0031","2025-06-26","rent_receipt","income_receipt","74797","INR",,,,"matched"
"synthetic","generated_for_testing","TXN01182","USR0032","2025-06-27","salary_credit","income_receipt","74934","INR","INC003201",,,"matched"
"synthetic","generated_for_testing","TXN01183","USR0033","2025-06-28","bank_interest_credit","income_receipt","75071","INR","INC003302",,,"matched"
"synthetic","generated_for_testing","TXN01184","USR0034","2025-06-29","freelance_receipt","income_receipt","75208","INR",,,,"matched"
"synthetic","generated_for_testing","TXN01185","USR0035","2025-06-30","investment_purchase","investment_acquisition","75345","INR","INCX0035purchase",,,"review"
"synthetic","generated_for_testing","TXN01186","USR0036","2025-07-01","investment_sale","investment_disposal","75482","INR","INCX0036sale","INV0036","CG0036","matched"
"synthetic","generated_for_testing","TXN01187","USR0037","2025-07-02","rent_receipt","income_receipt","75619","INR",,,,"matched"
"synthetic","generated_for_testing","TXN01188","USR0038","2025-07-03","salary_credit","income_receipt","75756","INR","INC003801",,,"matched"
"synthetic","generated_for_testing","TXN01189","USR0039","2025-07-04","bank_interest_credit","income_receipt","75893","INR","INC003902",,,"matched"
"synthetic","generated_for_testing","TXN01190","USR0040","2025-07-05","freelance_receipt","income_receipt","76030","INR",,,,"review"
"synthetic","generated_for_testing","TXN01191","USR0041","2025-07-06","investment_purchase","investment_acquisition","76167","INR","INCX0041purchase",,,"matched"
"synthetic","generated_for_testing","TXN01192","USR0042","2025-07-07","investment_sale","investment_disposal","76304","INR","INCX0042sale","INV0042",,"matched"
"synthetic","generated_for_testing","TXN01193","USR0043","2025-07-08","rent_receipt","income_receipt","76441","INR",,,,"matched"
"synthetic","generated_for_testing","TXN01194","USR0044","2025-07-09","salary_credit","income_receipt","76578","INR","INC004401",,,"matched"
"synthetic","generated_for_testing","TXN01195","USR0045","2025-07-10","bank_interest_credit","income_receipt","76715","INR","INC004502",,,"review"
"synthetic","generated_for_testing","TXN01196","USR0046","2025-07-11","freelance_receipt","income_receipt","76852","INR",,,,"matched"
"synthetic","generated_for_testing","TXN01197","USR0047","2025-07-12","investment_purchase","investment_acquisition","76989","INR","INCX0047purchase",,,"matched"
"synthetic","generated_for_testing","TXN01198","USR0048","2025-07-13","investment_sale","investment_disposal","77126","INR","INCX0048sale","INV0048","CG0048","matched"
"synthetic","generated_for_testing","TXN01199","USR0049","2025-07-14","rent_receipt","income_receipt","77263","INR",,,,"matched"
"synthetic","generated_for_testing","TXN01200","USR0050","2025-07-15","salary_credit","income_receipt","77400","INR","INC005001",,,"review"
